sampoerna a mild,col_name,gudang garam filter,djarum super,indomie kaldu ayam,indomie kari ayam,indomie ayam special,indomie soto mie,kapal api kopi bubuk,abc kopi susu,torabika duo
1,0iumangs8dz4yj765wop.jpeg,0,0,0,0,0,0,0,0,0
1,1byg08l5v39d4hrj7ike.jpg,0,0,0,0,0,0,0,0,0
1,2a9stjoqmzkpfxcdyge3.jpg,0,0,0,0,0,0,0,0,0
1,2gunsd6vjr8xfi4tble9.jpeg,0,0,0,0,0,0,0,0,0
1,2y4ugp036ra9dl1q5o7z.jpeg,0,0,0,0,0,0,0,0,0
1,3lpa84fyndo206mktw95.jpg,0,0,0,0,0,0,0,0,0
1,3mx29udt8zfsjkqgiyne.jpg,0,0,0,0,0,0,0,0,0
1,3v8l09jqcakusn5w1fi2.png,0,0,0,0,0,0,0,0,0
1,5ue2wvsy98j7ixkc4lf1.jpg,0,0,0,0,0,0,0,0,0
1,5zvs4j6unx9bmycprdl0.jpeg,0,0,0,0,0,0,0,0,0
1,6hqwerlzb18y2tj4icos.jpeg,0,0,0,0,0,0,0,0,0
1,6slnj4e8h0xfrwmv79yd.jpg,0,0,0,0,0,0,0,0,0
1,7gj2xpqznwme63ik1vbt.jpg,0,0,0,0,0,0,0,0,0
1,7j6mfoe1htapis5wu0zc.jpg,0,0,0,0,0,0,0,0,0
1,7pu9861cbndowj3ylgmf.jpeg,0,0,0,0,0,0,0,0,0
1,8pw50lj1irdyxk73sqtg.jpeg,0,0,0,0,0,0,0,0,0
1,8qsiv7c9ejzrfotk31hp.jpg,0,0,0,0,0,0,0,0,0
1,35d08j6t7kpczwbsahvn.jpg,0,0,0,0,0,0,0,0,0
1,38sgyxv9jm0td1wcka6h.jpg,0,0,0,0,0,0,0,0,0
1,40hlkitp8r679zbvqcju.jpeg,0,0,0,0,0,0,0,0,0
1,62erxda5si7c1mvy4zhl.jpg,0,0,0,0,0,0,0,0,0
1,87uxcogks625ywat9hr3.jpeg,0,0,0,0,0,0,0,0,0
1,a2zgd91oi7ejqxmh8upy,0,0,0,0,0,0,0,0,0
1,axqolfdg64ck5t93nvwi.jpg,0,0,0,0,0,0,0,0,0
1,b6ayx3oz4i1kdh8c0j5p.jpg,0,0,0,0,0,0,0,0,0
1,bw980vo5htsyiezufcn3.jpg,0,0,0,0,0,0,0,0,0
1,bxw1a9jumn3e76vh4ito.jpg,0,0,0,0,0,0,0,0,0
1,c9udseoln5z4fjvh2btr.jpg,0,0,0,0,0,0,0,0,0
1,cqde53tzrmhwkf24ly6s.jpg,0,0,0,0,0,0,0,0,0
1,csdjeo87ay5up0iw96n2.jpeg,0,0,0,0,0,0,0,0,0
1,d9zxur0gqoslafb6m8hj.jpg,0,0,0,0,0,0,0,0,0
1,dbeqivl9wzs3j4g87xt1.jpg,0,0,0,0,0,0,0,0,0
1,declbm759i2f6hxu3jyr.jpg,0,0,0,0,0,0,0,0,0
1,dxfbkujpryai7gc48hn5.jpg,0,0,0,0,0,0,0,0,0
1,e3vf0tsy8kjzqmrgwoxp.jpg,0,0,0,0,0,0,0,0,0
1,e6nmp2qr130vyuz7jdig.jpg,0,0,0,0,0,0,0,0,0
1,e6yg31j8dauvb0p45qc7.jpg,0,0,0,0,0,0,0,0,0
1,e98phfjcsl4wnvdxmt6a.jpg,0,0,0,0,0,0,0,0,0
1,egpcfk3d9yamb12j74nh.jpg,0,0,0,0,0,0,0,0,0
1,fa7ilydou0zj31xmsn8g.jpeg,0,0,0,0,0,0,0,0,0
1,fspzw9rx123nygbc6ami.jpg,0,0,0,0,0,0,0,0,0
1,fvleunh07psrw364mbi2.jpeg,0,0,0,0,0,0,0,0,0
1,g2uoevpkzwistc4qh07f.jpg,0,0,0,0,0,0,0,0,0
1,ge08w9l7x5onz6qfrhkj.jpeg,0,0,0,0,0,0,0,0,0
1,hp2t7rgalxmsfkjbiwdq.jpg,0,0,0,0,0,0,0,0,0
1,hu4ect5i6k07oyxf3pr2.jpeg,0,0,0,0,0,0,0,0,0
1,iglmoas4t53vhed0x927.jpg,0,0,0,0,0,0,0,0,0
1,ijlrue297h6fx05btvyp.jpeg,0,0,0,0,0,0,0,0,0
1,in4cmat02gsljhv9b65p.jpg,0,0,0,0,0,0,0,0,0
1,izjbs7gfm9a8doq02vyk.jpg,0,0,0,0,0,0,0,0,0
1,j3ni5zq1v69ko4gchu0e.jpeg,0,0,0,0,0,0,0,0,0
1,j6duo5xqmrl0ab2gz7s9.jpg,0,0,0,0,0,0,0,0,0
1,jh7f0ezbsl1o6tgpmvrk.jpg,0,0,0,0,0,0,0,0,0
1,l3b7qh9yeuj016ntxfrk.jpg,0,0,0,0,0,0,0,0,0
1,l6beota9v3zmupcqr8ix.jpeg,0,0,0,0,0,0,0,0,0
1,l9mt2so6badehcu1gnx4.png,0,0,0,0,0,0,0,0,0
1,lefp1caszunh79gd2w6q.jpg,0,0,0,0,0,0,0,0,0
1,logdzr4kthi7c8yu5ew6.jpg,0,0,0,0,0,0,0,0,0
1,lr19mk27vucnxfqyheo0.jpg,0,0,0,0,0,0,0,0,0
1,lrpoxjw7k5cnae89ubt2.jpg,0,0,0,0,0,0,0,0,0
1,m2hiyzb80sn1td5w4e9v.jpg,0,0,0,0,0,0,0,0,0
1,m2j37l86f1yck40ovxwa.jpg,0,0,0,0,0,0,0,0,0
1,mcn7xt650yeu2f4arpzq.jpg,0,0,0,0,0,0,0,0,0
1,n7gal9t8iuz1e5hvsd3m.jpg,0,0,0,0,0,0,0,0,0
1,nj6f25icsh9kbxl0v1at.jpeg,0,0,0,0,0,0,0,0,0
1,oiu0xbkhvc27n68qg1rt.jpg,0,0,0,0,0,0,0,0,0
1,oqb8t7fjpcx6hl5zdevr.jpg,0,0,0,0,0,0,0,0,0
1,or7v06yb9nz83upxq4fm.jpg,0,0,0,0,0,0,0,0,0
1,p2h86mvrny3954aq07gs.jpg,0,0,0,0,0,0,0,0,0
1,p4vm39oxj6g0eczlt2y8.png,0,0,0,0,0,0,0,0,0
1,ps65jizaocn2v8yhkdtx.jpg,0,0,0,0,0,0,0,0,0
1,q4567wmfxd0u2ia91rly.jpg,0,0,0,0,0,0,0,0,0
1,r7ahyjc1wz9bso0fit6x.jpg,0,0,0,0,0,0,0,0,0
1,r98104olkhpungia6f3t.jpg,0,0,0,0,0,0,0,0,0
1,rt10c3x5ynpo7qdhijl8.jpg,0,0,0,0,0,0,0,0,0
1,ryntwma4b2dxj59zgqs8.jpeg,0,0,0,0,0,0,0,0,0
1,s56xoqvhlp24ga9wun8z.jpg,0,0,0,0,0,0,0,0,0
1,si85xmdhau6t9ejl7npf.jpg,0,0,0,0,0,0,0,0,0
1,sotn9lag0kxzv83fu24p.jpg,0,0,0,0,0,0,0,0,0
1,sy1tzuavxci4no79h5f8.jpeg,0,0,0,0,0,0,0,0,0
1,t60w9yx5hrvi2ck4labo.jpg,0,0,0,0,0,0,0,0,0
1,teswg8i560b1mpd49nh2.jpg,0,0,0,0,0,0,0,0,0
1,twpr5a2x6yojznl91vbe.jpg,0,0,0,0,0,0,0,0,0
1,u169ozimv08327hktgs5.jpg,0,0,0,0,0,0,0,0,0
1,uw9av4m1z0rqfjdit3lp.jpg,0,0,0,0,0,0,0,0,0
1,uxlb09h8om7v6rkngept.jpg,0,0,0,0,0,0,0,0,0
1,v3hc064rx5yikjqdsag8.jpg,0,0,0,0,0,0,0,0,0
1,vj47c28bzyi9a0rqsotw.jpg,0,0,0,0,0,0,0,0,0
1,vromzhjk39fadxiw15ln.jpeg,0,0,0,0,0,0,0,0,0
1,w6cyz34in0guol5vfdka.jpg,0,0,0,0,0,0,0,0,0
1,x5drfp1mhjzkgcw924l0.jpg,0,0,0,0,0,0,0,0,0
1,xmri19w520fcsy6jhtp8.jpg,0,0,0,0,0,0,0,0,0
1,xvjaiq6pgokz8fd0mrbw.jpg,0,0,0,0,0,0,0,0,0
1,ydv0qhstwgieo5mbzcrf.jpg,0,0,0,0,0,0,0,0,0
1,z3xp5migr9as1td8qhkf.jpg,0,0,0,0,0,0,0,0,0
1,zg8i02eyvcuf76d3qb45.jpg,0,0,0,0,0,0,0,0,0
1,zkldxhoney9g4q3180tf.jpg,0,0,0,0,0,0,0,0,0
0,0f5nyz48b6wumlapvijo.jpg,1,0,0,0,0,0,0,0,0
0,0o7g6a15csrxkpezuq8w.jpg,1,0,0,0,0,0,0,0,0
0,0pi5bw81kdvzjhs769xf.jpeg,1,0,0,0,0,0,0,0,0
0,0vy6rtj2ua1poqi5k8d3.jpg,1,0,0,0,0,0,0,0,0
0,1frmacujdsk0xbzpi92g.jpg,1,0,0,0,0,0,0,0,0
0,1m9l5tafyowikvx4egj3.jpg,1,0,0,0,0,0,0,0,0
0,1t2eofahp6ywisrncjd7.jpeg,1,0,0,0,0,0,0,0,0
0,1uo6xrpemdtz85q90fvg.jpg,1,0,0,0,0,0,0,0,0
0,2auxy9iszvm5pcbg1oq3.jpg,1,0,0,0,0,0,0,0,0
0,2bezg8kf9hyuw5ljon4c.jpg,1,0,0,0,0,0,0,0,0
0,2q0bn7mwtci9v8yo13gj.jpg,1,0,0,0,0,0,0,0,0
0,3dvupynlxegqh24i75bm.jpg,1,0,0,0,0,0,0,0,0
0,3qpr405zdhlmisnb7afj.jpg,1,0,0,0,0,0,0,0,0
0,3srfch6ivn1x87uw50m2.jpg,1,0,0,0,0,0,0,0,0
0,3wp2jx5ec7mhrl4gfyvt.jpeg,1,0,0,0,0,0,0,0,0
0,3xbytc8mu0phg5l6jzks.jpg,1,0,0,0,0,0,0,0,0
0,4bxyu592ramjvwqld76k.jpeg,1,0,0,0,0,0,0,0,0
0,4jy5nwmsft8oa2z6vlp0.jpg,1,0,0,0,0,0,0,0,0
0,4ksfdqztgjabc806o19w.png,1,0,0,0,0,0,0,0,0
0,5d0ofz7s6jmuvxah2qkg.jpg,1,0,0,0,0,0,0,0,0
0,5f84uxeqjcz32ga6wsym.jpg,1,0,0,0,0,0,0,0,0
0,6asobjp8fv7l2gxz9ec3.jpg,1,0,0,0,0,0,0,0,0
0,6bq2gimuardw13f8kyxt.jpg,1,0,0,0,0,0,0,0,0
0,6iflsthv31p540rnebwg.jpg,1,0,0,0,0,0,0,0,0
0,6nx139uf2jbo8cykgprm.png,1,0,0,0,0,0,0,0,0
0,6txopvy1ngrahck702us.jpg,1,0,0,0,0,0,0,0,0
0,7jtrmfoa04e1pxnsg2dz.jpeg,1,0,0,0,0,0,0,0,0
0,7lxctrgb52so83u9iejf.jpg,1,0,0,0,0,0,0,0,0
0,7m5xp36nqi21judlegkb.png,1,0,0,0,0,0,0,0,0
0,7ns9raimz3dhvt56jkpl.jpg,1,0,0,0,0,0,0,0,0
0,7ogu3x09f186lamksdyj.jpg,1,0,0,0,0,0,0,0,0
0,7ym6iwlhkpdse1u4cot5.jpg,1,0,0,0,0,0,0,0,0
0,9ga58em2vfudqcwlp1yx.jpg,1,0,0,0,0,0,0,0,0
0,9j24ozw157vhlsgaqxpt.jpg,1,0,0,0,0,0,0,0,0
0,9uw7szxric3pkmjt4qny.jpeg,1,0,0,0,0,0,0,0,0
0,012nmdaj7l3tswhxe4r6.jpg,1,0,0,0,0,0,0,0,0
0,18mbscdohkfir9wqynuj.jpg,1,0,0,0,0,0,0,0,0
0,34coziluk6gn8hs0dpmt.jpeg,1,0,0,0,0,0,0,0,0
0,045duynkfasv73jporw2.jpg,1,0,0,0,0,0,0,0,0
0,46xyuo2tmahpjrw0k18z.jpg,1,0,0,0,0,0,0,0,0
0,53pgxavf9uhtkcbmeq1l.jpg,1,0,0,0,0,0,0,0,0
0,70s4g1icutbqkpyh2m9r.jpg,1,0,0,0,0,0,0,0,0
0,72tfkqudijz8enyxr15v.jpg,1,0,0,0,0,0,0,0,0
0,352cbonf4tsxype9z60v.jpg,1,0,0,0,0,0,0,0,0
0,524m69g7tjycandix0bz.jpg,1,0,0,0,0,0,0,0,0
0,a02d5vfu1ewkgzcnp8b9.jpeg,1,0,0,0,0,0,0,0,0
0,ahxj049e5lwng37miro8.jpg,1,0,0,0,0,0,0,0,0
0,algxz14u0c3pbw7idrfq.jpg,1,0,0,0,0,0,0,0,0
0,avbgkfiqsohluen72rzp.png,1,0,0,0,0,0,0,0,0
0,b8naw94lc0edj1pfx36m.jpeg,1,0,0,0,0,0,0,0,0
0,bc8qxvikfw1hgetyrza2.jpeg,1,0,0,0,0,0,0,0,0
0,bjdzthi0mn528aceuwf4.jpg,1,0,0,0,0,0,0,0,0
0,blexr4vp21qncu80t3ja.jpeg,1,0,0,0,0,0,0,0,0
0,bqp78l3it5zs4j1fxchm.jpg,1,0,0,0,0,0,0,0,0
0,c0m8h4je1rdxt73zviyo.jpg,1,0,0,0,0,0,0,0,0
0,c3eangr1tuzwyi58602k.jpg,1,0,0,0,0,0,0,0,0
0,c9odikw6p10hxylfjvga.jpeg,1,0,0,0,0,0,0,0,0
0,c93o0gq6ia8sju2yxltb.jpeg,1,0,0,0,0,0,0,0,0
0,cy52v1f9rejaim0n76sx.jpeg,1,0,0,0,0,0,0,0,0
0,d0mfio8l4j9knpz1ewva.jpg,1,0,0,0,0,0,0,0,0
0,d4jqustri1mnv5ko2g0f.jpg,1,0,0,0,0,0,0,0,0
0,daxbwvzjgpkye69tifq5.jpeg,1,0,0,0,0,0,0,0,0
0,dk26nhblz8ctvygjwpi3.jpeg,1,0,0,0,0,0,0,0,0
0,dxnc09lrg3pi7tb5s1uf.png,1,0,0,0,0,0,0,0,0
0,dzvxwq4ie6s5nblm28co.jpg,1,0,0,0,0,0,0,0,0
0,e1wq580gmzxp3fk7h24i.jpeg,1,0,0,0,0,0,0,0,0
0,e5pwg43zyucs9f1vnxja.jpg,1,0,0,0,0,0,0,0,0
0,eb4lm8vp290r1akogct7.jpeg,1,0,0,0,0,0,0,0,0
0,elqz64wphu9xmtr82iaf.jpg,1,0,0,0,0,0,0,0,0
0,eshvft80kyw6ablgm93p.jpg,1,0,0,0,0,0,0,0,0
0,fmebxcdly34vanipw05t.jpg,1,0,0,0,0,0,0,0,0
0,gdoq9sc2rx6hklp18wfz.jpg,1,0,0,0,0,0,0,0,0
0,getnizy1590fkld7upxq.jpeg,1,0,0,0,0,0,0,0,0
0,geyuv5iwkxdp9lachjsn.jpg,1,0,0,0,0,0,0,0,0
0,ha9usxvn1wikzfbgd27r.jpg,1,0,0,0,0,0,0,0,0
0,hafbwmq75jvtr2dy3ipn.jpg,1,0,0,0,0,0,0,0,0
0,hgm2ie4yo3wtf8sjznu7.jpg,1,0,0,0,0,0,0,0,0
0,hu6vkm97tgea15o34lir.jpg,1,0,0,0,0,0,0,0,0
0,i5x90yp4b1wzch8o3aj6.jpg,1,0,0,0,0,0,0,0,0
0,i19ztg4yaedl0mkfj72w.jpeg,1,0,0,0,0,0,0,0,0
0,iaon6ehb79xfm5zvwq81.jpg,1,0,0,0,0,0,0,0,0
0,iwo41fza0gbhqr7u26vm.jpg,1,0,0,0,0,0,0,0,0
0,jhrs5w0flntdgc6o9mx2.jpg,1,0,0,0,0,0,0,0,0
0,jr1ydvpmwic3hke0osgx.png,1,0,0,0,0,0,0,0,0
0,jsyarlxnbi3761vh4g9c.jpg,1,0,0,0,0,0,0,0,0
0,kp4yqrebnvtl3uj9ghi8.jpg,1,0,0,0,0,0,0,0,0
0,l2fokvb7gytic9dwmn3j.png,1,0,0,0,0,0,0,0,0
0,lhou1c0zt6a7wpy4fmx2.jpg,1,0,0,0,0,0,0,0,0
0,lievwprt9sy0m62z84ac.jpeg,1,0,0,0,0,0,0,0,0
0,lxjgt4yudi8027krzfah,1,0,0,0,0,0,0,0,0
0,mthc2lyz4awxube6i8vd.jpeg,1,0,0,0,0,0,0,0,0
0,n8jrzw3utocxgqd2y7p4.jpg,1,0,0,0,0,0,0,0,0
0,n13ktju0gpsafc9hrl4e.jpg,1,0,0,0,0,0,0,0,0
0,nbp4lxm3tzwdh9fie2ug.jpeg,1,0,0,0,0,0,0,0,0
0,o3cktgs7bdhvimyaf28u.jpg,1,0,0,0,0,0,0,0,0
0,o4s195hbatm6827gkf03.jpeg,1,0,0,0,0,0,0,0,0
0,ou39em0x62kwdl7hfiqg.jpg,1,0,0,0,0,0,0,0,0
0,owm3c12vlybdgzxiajus.jpg,1,0,0,0,0,0,0,0,0
0,pj78w3dok6arhxvbm1ec.jpeg,1,0,0,0,0,0,0,0,0
0,pq7b4v32rne0zm6s5fa8.jpg,1,0,0,0,0,0,0,0,0
0,pul6r753if2cebtojqv1.jpg,1,0,0,0,0,0,0,0,0
0,q49275aufm6cpsgkxyzd.jpg,1,0,0,0,0,0,0,0,0
0,qash6ntd15z0luxfp239.jpeg,1,0,0,0,0,0,0,0,0
0,qkfp8j1cisx2ynov9tb7.png,1,0,0,0,0,0,0,0,0
0,qran41zc5uofispvt69l.jpg,1,0,0,0,0,0,0,0,0
0,qu64jzbpkel1nms357c9.jpg,1,0,0,0,0,0,0,0,0
0,rd83ltoqfcy7m4ibwz9h.jpeg,1,0,0,0,0,0,0,0,0
0,rnmpjiyo6h4bwtce5s2u.jpg,1,0,0,0,0,0,0,0,0
0,s4hx29lyu6v8a73no1ed.jpg,1,0,0,0,0,0,0,0,0
0,sgtx6und8p4mckfvrj9z.jpg,1,0,0,0,0,0,0,0,0
0,shkoa2wx0rl3pj1me9bu.jpg,1,0,0,0,0,0,0,0,0
0,slec4qvdy8ngw6i0rmf7.jpg,1,0,0,0,0,0,0,0,0
0,sto46njzuf3xhc08mr9d.jpeg,1,0,0,0,0,0,0,0,0
0,syzho5uqbvjnt9rxe3ic.jpg,1,0,0,0,0,0,0,0,0
0,t4a0x27qwv35bomflrhe.jpg,1,0,0,0,0,0,0,0,0
0,tqhy4jvr3p5nlwx9dog7.jpg,1,0,0,0,0,0,0,0,0
0,tw0rcd5a3oq4pxyzbu89.jpg,1,0,0,0,0,0,0,0,0
0,tw48jvyzg32mblfrd1i9.jpg,1,0,0,0,0,0,0,0,0
0,udae3o0n5xz427mpf91b.jpeg,1,0,0,0,0,0,0,0,0
0,ve18s3rkdjnit5gxlf97.jpg,1,0,0,0,0,0,0,0,0
0,vonlfpd06sxgbh52m18q.jpg,1,0,0,0,0,0,0,0,0
0,w1aroj0u6tk3deqmvzbi.jpeg,1,0,0,0,0,0,0,0,0
0,w7qpdov519e64rks8hgt.png,1,0,0,0,0,0,0,0,0
0,wikh10xf2erpl3y8o49n.jpg,1,0,0,0,0,0,0,0,0
0,wy5c10bxg62psmr94q8v.jpg,1,0,0,0,0,0,0,0,0
0,xl08pad5ko1gz9frs2yj.jpg,1,0,0,0,0,0,0,0,0
0,xmqrls4dbjgken75f6ch.jpeg,1,0,0,0,0,0,0,0,0
0,xtzcmnhyls7bwq9a2fg4.jpeg,1,0,0,0,0,0,0,0,0
0,y4uwhxfdip0v23c6q9ar.jpg,1,0,0,0,0,0,0,0,0
0,yoqnmt68vauz9e2pdch3.jpg,1,0,0,0,0,0,0,0,0
0,yq34lmfte0kvjph2i5rd.jpg,1,0,0,0,0,0,0,0,0
0,ytcfug0hjs8pi17bwl2r.jpg,1,0,0,0,0,0,0,0,0
0,z7ylpatmgver294s08q6.jpg,1,0,0,0,0,0,0,0,0
0,z8375v4bqx1ycs6doihj.jpg,1,0,0,0,0,0,0,0,0
0,zo1pyn9eq2xfavbtjd8l.jpg,1,0,0,0,0,0,0,0,0
0,1dvo4sbyepa278ig36z9.jpg,0,1,0,0,0,0,0,0,0
0,1kuvawtpre2qn9i5bd7y.jpg,0,1,0,0,0,0,0,0,0
0,1w80dvgy4rnbkh697qzs.jpg,0,1,0,0,0,0,0,0,0
0,1xnzjef9gq0ml8wahosk.jpg,0,1,0,0,0,0,0,0,0
0,2mixoue4975cqg3rp8sv.jpeg,0,1,0,0,0,0,0,0,0
0,2ugfl714rcnm8x0d6pb3.jpeg,0,1,0,0,0,0,0,0,0
0,2y83zntslkrfh9cevb05.jpg,0,1,0,0,0,0,0,0,0
0,3i42h0vlds87ycp1qfow.jpg,0,1,0,0,0,0,0,0,0
0,5gquskwml8yxt1iv96f3.jpg,0,1,0,0,0,0,0,0,0
0,5rl0mauq4x1gv3s9fb7w.png,0,1,0,0,0,0,0,0,0
0,5wlqma8yg9z6v304jhtp.jpg,0,1,0,0,0,0,0,0,0
0,6a2zs4yp7gjnqwiuol0v.png,0,1,0,0,0,0,0,0,0
0,06lph2z4keibod3nwvtm.jpg,0,1,0,0,0,0,0,0,0
0,6pwefcb9u8mrx50vnszk.jpeg,0,1,0,0,0,0,0,0,0
0,6sh2ga5ln0kpmbouxq97.jpg,0,1,0,0,0,0,0,0,0
0,6y89jr3bd4ovn2p01zgh.jpg,0,1,0,0,0,0,0,0,0
0,7b2hom9kzr4euyqix0pj.jpg,0,1,0,0,0,0,0,0,0
0,7zho0l2ujtf46q3k1sry.jpg,0,1,0,0,0,0,0,0,0
0,8avnixhzro46sfeyjd27.jpg,0,1,0,0,0,0,0,0,0
0,8onhwzludvg69bfyt4sk.jpg,0,1,0,0,0,0,0,0,0
0,8qya9trcofp5u240m6hl.jpg,0,1,0,0,0,0,0,0,0
0,8um5pgr7kt3jw9lqfbcs.jpg,0,1,0,0,0,0,0,0,0
0,08vq7howfjypg15srid3.jpeg,0,1,0,0,0,0,0,0,0
0,9zl4dyqv2ob17g3isr8c.jpeg,0,1,0,0,0,0,0,0,0
0,19vwipmf2q73bge8h5xa.jpg,0,1,0,0,0,0,0,0,0
0,81cbdgxfa0lzweutvkn2.jpg,0,1,0,0,0,0,0,0,0
0,90tyvcnub3org54wahfl.jpg,0,1,0,0,0,0,0,0,0
0,94v8prafl5iocjskwdxg.jpg,0,1,0,0,0,0,0,0,0
0,497zn5ifwt1e2mk6oavj.jpeg,0,1,0,0,0,0,0,0,0
0,a1nhcxzydws6feptok78.jpeg,0,1,0,0,0,0,0,0,0
0,adhimjqw89r3gnupys12.jpg,0,1,0,0,0,0,0,0,0
0,ahwtdmeb9nrg16psf8qz.jpeg,0,1,0,0,0,0,0,0,0
0,ajtkemfhzn0bc78lqspr.jpeg,0,1,0,0,0,0,0,0,0
0,ako4rny5u80lvdbtfzhw.jpeg,0,1,0,0,0,0,0,0,0
0,b9vk176cfxsygau53ehi.jpg,0,1,0,0,0,0,0,0,0
0,bui8h72w9qj3navk6se5.jpg,0,1,0,0,0,0,0,0,0
0,bz8jkq4im1a3noupewx0.jpg,0,1,0,0,0,0,0,0,0
0,chuf50potvyr1k6l4giq.jpg,0,1,0,0,0,0,0,0,0
0,cibtsrznam25x8h3uljk.jpg,0,1,0,0,0,0,0,0,0
0,dfckt95nmqhj2g3z0lue.png,0,1,0,0,0,0,0,0,0
0,egw0fd54ox8yi9r7nzpu.jpg,0,1,0,0,0,0,0,0,0
0,eukztobch13gin75m2xl.jpg,0,1,0,0,0,0,0,0,0
0,fgpn4b6qyu51vwdlir7h.jpg,0,1,0,0,0,0,0,0,0
0,gfwpzo084asydxqlknec.jpg,0,1,0,0,0,0,0,0,0
0,gwqjyz0ex9do5fkbr241.jpeg,0,1,0,0,0,0,0,0,0
0,gyfso1ui07ezpjcmd45b.jpg,0,1,0,0,0,0,0,0,0
0,gz4vjr6tsayd7x015ql2.jpg,0,1,0,0,0,0,0,0,0
0,gzdxni3hoflu170cs8eq.jpeg,0,1,0,0,0,0,0,0,0
0,h0nq3zofdpmvua92l1s4.jpeg,0,1,0,0,0,0,0,0,0
0,h9nqt0iebagl2do1y8ps.jpg,0,1,0,0,0,0,0,0,0
0,hajq5visc0w4zgryp3e6.jpg,0,1,0,0,0,0,0,0,0
0,hc5ti8yrsubo34x6e7m2.jpg,0,1,0,0,0,0,0,0,0
0,i6gwrxq05md7bvysk914.jpg,0,1,0,0,0,0,0,0,0
0,in92obvq801sa6lej7pf.jpeg,0,1,0,0,0,0,0,0,0
0,izrt3h0ju5fo8dlvasye.jpg,0,1,0,0,0,0,0,0,0
0,j9snzv43157ak0lruq8g.jpg,0,1,0,0,0,0,0,0,0
0,lqwpgy5u2oz3dvijme1t.png,0,1,0,0,0,0,0,0,0
0,m1z4dbpkw9no3uryv8ta.jpeg,0,1,0,0,0,0,0,0,0
0,mewqftpxyr97h3agb8v1.jpeg,0,1,0,0,0,0,0,0,0
0,mixscqrjt9pw82bfh7u3.png,0,1,0,0,0,0,0,0,0
0,mvfqdxe9hk2z7564oist.png,0,1,0,0,0,0,0,0,0
0,mwc7qdoxe0j2iafnl695.jpg,0,1,0,0,0,0,0,0,0
0,ni75twuad2l1bk63c8eg.jpg,0,1,0,0,0,0,0,0,0
0,nvzg6e5rxdylhbq0jmo8.jpg,0,1,0,0,0,0,0,0,0
0,omecp8x1qyfgkz9bi3rv.jpg,0,1,0,0,0,0,0,0,0
0,oq6utfa2s4bmklypde5j.jpg,0,1,0,0,0,0,0,0,0
0,otvebaxmjd3891rwklzq.jpg,0,1,0,0,0,0,0,0,0
0,oyb35i01zfmva2n76qj8.jpg,0,1,0,0,0,0,0,0,0
0,oydalb2rsxznw7hpgfkt,0,1,0,0,0,0,0,0,0
0,ozw6p5b34lcvq18rknua.jpg,0,1,0,0,0,0,0,0,0
0,pesra9oqw4ktcmbznf21.jpg,0,1,0,0,0,0,0,0,0
0,pgo0wdvre9ky1m45lz3n.jpeg,0,1,0,0,0,0,0,0,0
0,pmui6e783va20jr1c5tb.jpg,0,1,0,0,0,0,0,0,0
0,qmieut4sk605bhwjldz8.jpg,0,1,0,0,0,0,0,0,0
0,quk4jpdm7wetylbas6ho.png,0,1,0,0,0,0,0,0,0
0,qyk19xnczv8mw75po3u6.jpeg,0,1,0,0,0,0,0,0,0
0,rhsia9vbxpugf6nw2y07.jpeg,0,1,0,0,0,0,0,0,0
0,rtlanc0m4qe853hxkp71.jpeg,0,1,0,0,0,0,0,0,0
0,shdzywn4b8t16ug29pri.jpg,0,1,0,0,0,0,0,0,0
0,sigwv812c0yebrlj36op.png,0,1,0,0,0,0,0,0,0
0,skcpjdi3ryvqauh1zef7.jpg,0,1,0,0,0,0,0,0,0
0,sm4uy63toj71vnd9wrbh.jpg,0,1,0,0,0,0,0,0,0
0,spkmj7ci1brztew4lo53.jpg,0,1,0,0,0,0,0,0,0
0,unltg2d7fy9zpvw0mbxi.jpg,0,1,0,0,0,0,0,0,0
0,utrsgmokhdbjn78yavw5.jpg,0,1,0,0,0,0,0,0,0
0,vf2d95jhz3a87n6rsw1c.jpeg,0,1,0,0,0,0,0,0,0
0,vx38w1ajutzh6nil4gcy.jpg,0,1,0,0,0,0,0,0,0
0,wbzimrg4j3ouyp015a26.png,0,1,0,0,0,0,0,0,0
0,wjzr2vkd1h0snl93iy45.jpeg,0,1,0,0,0,0,0,0,0
0,x4i9dg6bo8k23zal1ywv.jpg,0,1,0,0,0,0,0,0,0
0,x16o2lsuy709anwvc4zr.jpg,0,1,0,0,0,0,0,0,0
0,xakvcb7mjt935en2ghyo.jpg,0,1,0,0,0,0,0,0,0
0,xbtam4n0s76cy2vzi13k.jpg,0,1,0,0,0,0,0,0,0
0,xdblv6wkfe4izpon3s51.jpeg,0,1,0,0,0,0,0,0,0
0,xw14rahfj29tcv357boq.jpg,0,1,0,0,0,0,0,0,0
0,zwjnya905q8d67o1ftx3.jpeg,0,1,0,0,0,0,0,0,0
0,zx38cfp5hymta7duqv4b.jpg,0,1,0,0,0,0,0,0,0
0,0erqgjhxlbitf1ysz974.png,0,0,1,0,0,0,0,0,0
0,0tmwycu6xnbv3dfqo4i9.jpg,0,0,1,0,0,0,0,0,0
0,0zqahpsy8mt6bdku9jv2,0,0,1,0,0,0,0,0,0
0,1i0mf2kbtqp36ge94jnl.jpg,0,0,1,0,0,0,0,0,0
0,4izt3h6bmgop8xequcs5.jpg,0,0,1,0,0,0,0,0,0
0,5amc7t9dyuv1ho843wnq.jpg,0,0,1,0,0,0,0,0,0
0,5cdbpxvi9yna24zf6skj.jpg,0,0,1,0,0,0,0,0,0
0,5ejsrz4auc18d209k3pg.jpeg,0,0,1,0,0,0,0,0,0
0,5yim0467lw9p1hdkv83a.jpeg,0,0,1,0,0,0,0,0,0
0,6idq31y45z8pwhslufeb.jpg,0,0,1,0,0,0,0,0,0
0,6yjp30e5ivkf71nxadhz.jpg,0,0,1,0,0,0,0,0,0
0,7wo94quaz203xkbj5gr8.jpeg,0,0,1,0,0,0,0,0,0
0,7zul4cfhjd6gy01r5s9v.jpeg,0,0,1,0,0,0,0,0,0
0,8cix12t63udfqa7ws45m.jpeg,0,0,1,0,0,0,0,0,0
0,8fuox5jbrmpqni309aly.jpeg,0,0,1,0,0,0,0,0,0
0,9aubsfy34n8pemrczhjv.jpg,0,0,1,0,0,0,0,0,0
0,9kqgt8somhu2z64jlb5i.jpg,0,0,1,0,0,0,0,0,0
0,9yda5gmkernwstq4j361.jpg,0,0,1,0,0,0,0,0,0
0,25ut0shlm8qx3cjvi6b9.jpg,0,0,1,0,0,0,0,0,0
0,26ifuwrtypa7szjmbevd.jpeg,0,0,1,0,0,0,0,0,0
0,31nuthz5evlor4i8amj7.jpg,0,0,1,0,0,0,0,0,0
0,32zd16ac7mgf9p5esby8.jpeg,0,0,1,0,0,0,0,0,0
0,91qr5xf40cu2jeblz38k.jpeg,0,0,1,0,0,0,0,0,0
0,639aq7rpyhbof8xlg2mk.jpg,0,0,1,0,0,0,0,0,0
0,ad32mtn1q85zlhceogxb.jpg,0,0,1,0,0,0,0,0,0
0,b5y3fo02ml6zt1gxq8iv.png,0,0,1,0,0,0,0,0,0
0,bawk1yp2fxcdezho8mq5.jpg,0,0,1,0,0,0,0,0,0
0,dekx2vzj1fuy896ihsto.jpg,0,0,1,0,0,0,0,0,0
0,dpwm98571jiytvn3s0oz.jpeg,0,0,1,0,0,0,0,0,0
0,ex7abdrjhkift4ngu603.jpeg,0,0,1,0,0,0,0,0,0
0,ezmlxpkh173duwrjqcgy.jpeg,0,0,1,0,0,0,0,0,0
0,fqaloyj3rzxe02nvdb81.jpeg,0,0,1,0,0,0,0,0,0
0,fr5yqc8lzda72nhtbuwi.jpg,0,0,1,0,0,0,0,0,0
0,g38sntkur6xv5o0m72jw.jpg,0,0,1,0,0,0,0,0,0
0,i2uorgt4mhcdqws0vazf.jpg,0,0,1,0,0,0,0,0,0
0,i5f8mwdjalnz6ct1g20v.jpg,0,0,1,0,0,0,0,0,0
0,ic9evhj2gt4ukaywbnq3.jpg,0,0,1,0,0,0,0,0,0
0,ig0oufyz3nhx12659vrs.jpeg,0,0,1,0,0,0,0,0,0
0,ivuj5n31sd8rf4x2eopl.jpeg,0,0,1,0,0,0,0,0,0
0,iym7gdakew1lt92uzp0s.jpeg,0,0,1,0,0,0,0,0,0
0,j1aq2rk95p67cesbyvow.jpg,0,0,1,0,0,0,0,0,0
0,j6z4deabsh793mok5gv1.jpg,0,0,1,0,0,0,0,0,0
0,jd8kltxzpbogy6sf3ciw.jpg,0,0,1,0,0,0,0,0,0
0,kjmyne2l7rodis9p0q5u.jpg,0,0,1,0,0,0,0,0,0
0,l1bqhi5mve98wknyjxta.jpg,0,0,1,0,0,0,0,0,0
0,mnoiafkt9chqyup8325j.jpg,0,0,1,0,0,0,0,0,0
0,mvtc80rx6d34o7gahpj9.jpeg,0,0,1,0,0,0,0,0,0
0,ny5wokvaxlpfi378qge4.jpeg,0,0,1,0,0,0,0,0,0
0,o1d7f4z9unyx5qtjrp3s.jpeg,0,0,1,0,0,0,0,0,0
0,ofjz61bgixrtw0hsedky.jpg,0,0,1,0,0,0,0,0,0
0,p7ro1uw259bvm0zkga3l.jpg,0,0,1,0,0,0,0,0,0
0,puiw86h1kr7tjclsdgao.jpg,0,0,1,0,0,0,0,0,0
0,pz1teyw9l436qmijxku2.jpg,0,0,1,0,0,0,0,0,0
0,q6oey7hcsdfbjgxu8i4r.jpg,0,0,1,0,0,0,0,0,0
0,q7j32kvsc6drlzxtieno.jpg,0,0,1,0,0,0,0,0,0
0,r1xbpd0ywcm43hislot2.jpg,0,0,1,0,0,0,0,0,0
0,rcslavdhtji180u7gy4z.jpeg,0,0,1,0,0,0,0,0,0
0,rqtpi10gazf7hvwdsc58.jpg,0,0,1,0,0,0,0,0,0
0,sd26cve8179hf5bqiuyt.jpg,0,0,1,0,0,0,0,0,0
0,sph7mnv9wg6kd243rquc.png,0,0,1,0,0,0,0,0,0
0,swkipg6etuaj7xqmn0lf.jpeg,0,0,1,0,0,0,0,0,0
0,swx6cadhvtq2e0if1blo.jpg,0,0,1,0,0,0,0,0,0
0,sxn7jvdlo6rkc8yp3h52.jpeg,0,0,1,0,0,0,0,0,0
0,szxtfd9cu864pirnv7wk.jpeg,0,0,1,0,0,0,0,0,0
0,t04qh1e5ksdl7ig8m2zj.jpg,0,0,1,0,0,0,0,0,0
0,t362juw9xchbl08af4gk.jpg,0,0,1,0,0,0,0,0,0
0,t402px5ydf31eno7mg89.jpg,0,0,1,0,0,0,0,0,0
0,tqvjufs12b67mxzo5e09.jpeg,0,0,1,0,0,0,0,0,0
0,u7a6lmrxz8eq05fwdy1b.jpg,0,0,1,0,0,0,0,0,0
0,ucj86w27ynx4eo5h0klb.jpg,0,0,1,0,0,0,0,0,0
0,um2fnq7g0hxvaylojes8.jpeg,0,0,1,0,0,0,0,0,0
0,vwgu3aysn9if127kzxpc.jpeg,0,0,1,0,0,0,0,0,0
0,wc6q82ynsth4dbrf5jlg.jpg,0,0,1,0,0,0,0,0,0
0,wljtgq7bc8y5sfrpuo4x.jpeg,0,0,1,0,0,0,0,0,0
0,wyk9i2p05scngaf37q6u.jpg,0,0,1,0,0,0,0,0,0
0,x0q9atep5ujyfhgc47z2.jpeg,0,0,1,0,0,0,0,0,0
0,ym1g743noxzkqur0dbif.jpg,0,0,1,0,0,0,0,0,0
0,ym3xkr2pn7d1vbugc50z.jpg,0,0,1,0,0,0,0,0,0
0,yvleph7jqor8c2sd310a.jpeg,0,0,1,0,0,0,0,0,0
0,yx1o83jr4ldfkpc59iw2.jpeg,0,0,1,0,0,0,0,0,0
0,zchu2xe8rb3mv674wo0l.jpeg,0,0,1,0,0,0,0,0,0
0,zg0jyc8dq3ftpk196u4v.jpg,0,0,1,0,0,0,0,0,0
0,zj3l2grxfpdnk6w1tua9.jpeg,0,0,1,0,0,0,0,0,0
0,0zxnpahbriy4167egsfo.jpg,0,0,0,1,0,0,0,0,0
0,2cxrmk4blws50je6dyof.jpg,0,0,0,1,0,0,0,0,0
0,2xqm1869b7k0jcrzpdog.jpeg,0,0,0,1,0,0,0,0,0
0,3dejx4hfmcv79lnp0wka.jpg,0,0,0,1,0,0,0,0,0
0,3ke0pimvyzgfh72xo6ab.jpg,0,0,0,1,0,0,0,0,0
0,4cp7lvg9ojnik8t50q6d.png,0,0,0,1,0,0,0,0,0
0,4q6o79pktmsnhrzcvwyi.jpg,0,0,0,1,0,0,0,0,0
0,6gdhjq5vuab02eoxy9s8.jpeg,0,0,0,1,0,0,0,0,0
0,6u4tp3gydc9oshfzbkjq.jpeg,0,0,0,1,0,0,0,0,0
0,7vxkzd24sfq30jmtlphg.png,0,0,0,1,0,0,0,0,0
0,8wpeiqsjfrayu91mhnl4.jpg,0,0,0,1,0,0,0,0,0
0,9nlj1o5q8ybsi72e4cfp.jpg,0,0,0,1,0,0,0,0,0
0,9wh3nv1pig26fsur7cte.jpg,0,0,0,1,0,0,0,0,0
0,9zdmweishog2yfqla4bv.jpeg,0,0,0,1,0,0,0,0,0
0,13jxb79pehcoqia4um6d.jpg,0,0,0,1,0,0,0,0,0
0,20ej5oyuf1vixbtzprld.jpeg,0,0,0,1,0,0,0,0,0
0,21herqkvmpz3c8ubidyj.jpg,0,0,0,1,0,0,0,0,0
0,53vx9y4alc2hkfunoibe.jpg,0,0,0,1,0,0,0,0,0
0,60hqar5bi14k3xjgc8f9.jpg,0,0,0,1,0,0,0,0,0
0,67c42tp18xn9jqywauiv.jpg,0,0,0,1,0,0,0,0,0
0,82t09mfclgnkydirwj7e.jpg,0,0,0,1,0,0,0,0,0
0,0861slgopea7rvz9t3d4.png,0,0,0,1,0,0,0,0,0
0,a4wyc1f5oxus6gtr08kl.jpg,0,0,0,1,0,0,0,0,0
0,a7yh2jdrn4ofebz1i6ku.jpg,0,0,0,1,0,0,0,0,0
0,aruv5s6z2pbmwkq9iy81.jpg,0,0,0,1,0,0,0,0,0
0,b0eknajpfdi3zy2w9o8s.jpg,0,0,0,1,0,0,0,0,0
0,b5sr4tpjolewc26vu7n0.jpg,0,0,0,1,0,0,0,0,0
0,b67jxrcpwm3u5itolg2k.png,0,0,0,1,0,0,0,0,0
0,beuvs5ck2gh1loidaf89.jpg,0,0,0,1,0,0,0,0,0
0,c2d6l3sp9i01hawf4oej,0,0,0,1,0,0,0,0,0
0,c48oi6juestnfzylak70.jpg,0,0,0,1,0,0,0,0,0
0,cv39kfpei6nhoglz1y2b.jpeg,0,0,0,1,0,0,0,0,0
0,cz9pntda8rg1oj5mbk7e.jpg,0,0,0,1,0,0,0,0,0
0,d49jou3zmcakxhvnr0sq.jpeg,0,0,0,1,0,0,0,0,0
0,dcwyahj1i7ntq2rm05so.jpg,0,0,0,1,0,0,0,0,0
0,dpw9uy4n1sovhx32ible.jpeg,0,0,0,1,0,0,0,0,0
0,erb1xcath2zj709o64fq.jpg,0,0,0,1,0,0,0,0,0
0,eru9cy21s4p6gjtfhqxv.png,0,0,0,1,0,0,0,0,0
0,f369h4nuozei2ptqsd5x.jpg,0,0,0,1,0,0,0,0,0
0,f842753oihxdbnvt1pry.jpeg,0,0,0,1,0,0,0,0,0
0,fex0b6p1hclyrtd8m94i.jpg,0,0,0,1,0,0,0,0,0
0,g5u4fwn367hzabi289ep.jpg,0,0,0,1,0,0,0,0,0
0,g8au3hm4zdn7bpi6qewr.jpeg,0,0,0,1,0,0,0,0,0
0,ga68rdbwz0qjptv9fm12.jpeg,0,0,0,1,0,0,0,0,0
0,gv4u6ofk0jycrpt13meq.jpg,0,0,0,1,0,0,0,0,0
0,hfgbai7tvpez3l04r2mw.jpeg,0,0,0,1,0,0,0,0,0
0,hiqekwpg4m3b2ulzrd68.jpg,0,0,0,1,0,0,0,0,0
0,hw2vdfxpn41a0rok5um7.jpg,0,0,0,1,0,0,0,0,0
0,hzjoaf3tc45bk8veqlr9.jpeg,0,0,0,1,0,0,0,0,0
0,i2jsrw5fob3ytxaehpmc.jpg,0,0,0,1,0,0,0,0,0
0,i39bw8lds5y0akvxtrmu.jpg,0,0,0,1,0,0,0,0,0
0,invp6s5xtd7bu1l24kjg.jpg,0,0,0,1,0,0,0,0,0
0,ix1oavydj48qnf2r9w6c.jpeg,0,0,0,1,0,0,0,0,0
0,jkfal2tq01zcwypdr49v.jpg,0,0,0,1,0,0,0,0,0
0,jz9w7amfguvdqxn20ycb.jpg,0,0,0,1,0,0,0,0,0
0,k26owjpvax9t1umq7ngy.jpg,0,0,0,1,0,0,0,0,0
0,k538vrpxhnso9ujg6mdl.jpg,0,0,0,1,0,0,0,0,0
0,kotp0le2ra3jv17wnyxi.jpeg,0,0,0,1,0,0,0,0,0
0,lj6vb0x48nery72ufpg9.jpg,0,0,0,1,0,0,0,0,0
0,lnxsq421adiowgezvkjb.jpg,0,0,0,1,0,0,0,0,0
0,lovgm5316j4ta9ickx2s.jpeg,0,0,0,1,0,0,0,0,0
0,ltpa0eikhbgv2sozmc1u.jpeg,0,0,0,1,0,0,0,0,0
0,mb7sd65hi41jvn92a3gu.jpeg,0,0,0,1,0,0,0,0,0
0,md7wqtcj89pg4yuoxifh.jpg,0,0,0,1,0,0,0,0,0
0,motvf5y3pnb1zd29cux4.jpg,0,0,0,1,0,0,0,0,0
0,mqiocuzf7epjt4agn039.jpeg,0,0,0,1,0,0,0,0,0
0,mz3j92br1x40sudh6yt5.png,0,0,0,1,0,0,0,0,0
0,n3sz6dg805ekbiphx1fw.jpg,0,0,0,1,0,0,0,0,0
0,nu0fgc5bwy7odapvmq83.jpg,0,0,0,1,0,0,0,0,0
0,oi6tsh7eqwzla4xgjr5y.jpg,0,0,0,1,0,0,0,0,0
0,pf9yrdk6n5xtoj47cula.jpeg,0,0,0,1,0,0,0,0,0
0,q3e2vz09xpgl84y7rcjt.jpeg,0,0,0,1,0,0,0,0,0
0,qil04tndoah5em7zcgy2.jpeg,0,0,0,1,0,0,0,0,0
0,r0z8o6xvi9j5an4gmbw7.jpeg,0,0,0,1,0,0,0,0,0
0,r57ysmu2ovx9qgh3ezn4.jpg,0,0,0,1,0,0,0,0,0
0,r425coxlb183tsvnm9ek.jpeg,0,0,0,1,0,0,0,0,0
0,rucdi398tkmg6njpz15h.jpg,0,0,0,1,0,0,0,0,0
0,s6npyqgzj9fxkm5wl17h.jpeg,0,0,0,1,0,0,0,0,0
0,salqj81dwz9b40cmrhin.jpeg,0,0,0,1,0,0,0,0,0
0,t2djpglq8fnaszi45mcy.png,0,0,0,1,0,0,0,0,0
0,th6a2w9y7c1o34q0fjz5.jpg,0,0,0,1,0,0,0,0,0
0,th6yemxul3avqio1r74j.jpg,0,0,0,1,0,0,0,0,0
0,tkpaef240h1c6dmrijqo.jpg,0,0,0,1,0,0,0,0,0
0,tp4g93vrxua1snq85wjy.jpeg,0,0,0,1,0,0,0,0,0
0,uqszw4h8bfem62tyrx79.jpeg,0,0,0,1,0,0,0,0,0
0,uxik2ybpf7t154olcr6m.jpeg,0,0,0,1,0,0,0,0,0
0,v3l4pjeiqaktru62xfho.jpg,0,0,0,1,0,0,0,0,0
0,vad04ijr583lwhcn6koq.jpg,0,0,0,1,0,0,0,0,0
0,vfrjkc6byqx2o5tg1mlw.jpeg,0,0,0,1,0,0,0,0,0
0,wb84ao2e9dmpkf5630lc.jpg,0,0,0,1,0,0,0,0,0
0,wnk86g0dht4lasf1xcqr.jpg,0,0,0,1,0,0,0,0,0
0,wxrj9a86boiths10qc5u.jpg,0,0,0,1,0,0,0,0,0
0,xk1846ab7ijovnhf3clq.jpg,0,0,0,1,0,0,0,0,0
0,xkmfq17c98v5eszun2d3.jpg,0,0,0,1,0,0,0,0,0
0,xsydf7jtuho03n54l8am.jpeg,0,0,0,1,0,0,0,0,0
0,y9pd01cinwxourk7elqh.png,0,0,0,1,0,0,0,0,0
0,ya5nu6jq2pshvrc1xotb.jpeg,0,0,0,1,0,0,0,0,0
0,ybwepn17sg63jkdumzhr.jpg,0,0,0,1,0,0,0,0,0
0,yw9t5g76fm132qaiolxe.png,0,0,0,1,0,0,0,0,0
0,zbrq89sguclmxkw06dv4.jpg,0,0,0,1,0,0,0,0,0
0,zijgawhxf03e81p56ndq.jpg,0,0,0,1,0,0,0,0,0
0,znxrjw0uto53lg4kade8.jpeg,0,0,0,1,0,0,0,0,0
0,zw5u47yio1mnvf9b6trj.jpg,0,0,0,1,0,0,0,0,0
0,0f8w1ial6zcro9venypq.jpg,0,0,0,0,1,0,0,0,0
0,0f9vrb4mjdq3nwltg7ek.jpg,0,0,0,0,1,0,0,0,0
0,1bf7aknmqh5wtg9zxiuv.jpg,0,0,0,0,1,0,0,0,0
0,1j53rnxc7fpm2utk09qw.jpg,0,0,0,0,1,0,0,0,0
0,2k78tflj4prbuhc6yxz3.jpg,0,0,0,0,1,0,0,0,0
0,2uc6vzrybpkolx5gw7n1.jpg,0,0,0,0,1,0,0,0,0
0,3lntwofgdx2sjc1k05av.jpg,0,0,0,0,1,0,0,0,0
0,3owdhce280vitj5gzfms.jpeg,0,0,0,0,1,0,0,0,0
0,4gwv9h8lyaqdb6oj5nir.jpg,0,0,0,0,1,0,0,0,0
0,4sb739jurgnpeiwflxdv.jpg,0,0,0,0,1,0,0,0,0
0,4wkoxagyur1dh68z35vc.jpg,0,0,0,0,1,0,0,0,0
0,5hvmpwzlr2ayq9uen7to.jpg,0,0,0,0,1,0,0,0,0
0,5u2xwrntsoqg3pd7zemk.jpeg,0,0,0,0,1,0,0,0,0
0,5vbfh346nc78ojge9ixt.jpg,0,0,0,0,1,0,0,0,0
0,5wr8mx70kdzotj2vceq9.jpeg,0,0,0,0,1,0,0,0,0
0,6y0j3caqs5ve8nlhi41d.jpeg,0,0,0,0,1,0,0,0,0
0,7lqmprosdgz3bx02knty.png,0,0,0,0,1,0,0,0,0
0,8aqp3b2gcs5xdl9hyeow.jpeg,0,0,0,0,1,0,0,0,0
0,8fbmogykuv3trhpx7i5q.jpg,0,0,0,0,1,0,0,0,0
0,8g64czvbxd5m19j7l2ni.jpg,0,0,0,0,1,0,0,0,0
0,8jcvxrn06l9og37fs5pa.jpg,0,0,0,0,1,0,0,0,0
0,8lmj0d7ri1s9gu4hqc65.jpg,0,0,0,0,1,0,0,0,0
0,8sutzh3qrevbi10mjo2w.jpeg,0,0,0,0,1,0,0,0,0
0,9br10jfdyg5ukoqsmeiz.jpg,0,0,0,0,1,0,0,0,0
0,9gq7zc8ksmway5odrbf6.jpg,0,0,0,0,1,0,0,0,0
0,29ta0irmwx1e548lpyos.jpg,0,0,0,0,1,0,0,0,0
0,37sutnpahgvwk5d0myz8.jpeg,0,0,0,0,1,0,0,0,0
0,39cvnm07dtbiql28ahjy.jpg,0,0,0,0,1,0,0,0,0
0,39t7vrwce6mx5oiyksda.jpeg,0,0,0,0,1,0,0,0,0
0,47rfcswt0g5pvalqiu1m.jpg,0,0,0,0,1,0,0,0,0
0,21684waqcslm0pdbghef.jpg,0,0,0,0,1,0,0,0,0
0,a4n2f0emhvw3qdcku1lp.jpg,0,0,0,0,1,0,0,0,0
0,a5cxf8b4ymqdhvjotu27.jpg,0,0,0,0,1,0,0,0,0
0,a5qi71c09g4ve38lzuhb.jpg,0,0,0,0,1,0,0,0,0
0,b5r79d8qtxj61cnhwuy3.jpeg,0,0,0,0,1,0,0,0,0
0,b5324adzxkwlqv0jg71i.jpeg,0,0,0,0,1,0,0,0,0
0,bvkgwf3mescqj24hlopz.jpg,0,0,0,0,1,0,0,0,0
0,c4tgkmf58na37spw1euj.png,0,0,0,0,1,0,0,0,0
0,clqa96zopx7d08brfkgs.jpg,0,0,0,0,1,0,0,0,0
0,dm3s54q7xwgznhcp1bij.jpg,0,0,0,0,1,0,0,0,0
0,e9by6tud840l7wzxpsck.jpg,0,0,0,0,1,0,0,0,0
0,eb4hnuwg9c6s08qioml2.jpg,0,0,0,0,1,0,0,0,0
0,evgtnhdjr78ow16lazf4.jpg,0,0,0,0,1,0,0,0,0
0,ey4msvarjc1lptb2n3dx.jpg,0,0,0,0,1,0,0,0,0
0,fo61ykvzwhb9pnx4d8st.jpg,0,0,0,0,1,0,0,0,0
0,fzcnjt6qpivlg13097d5.jpeg,0,0,0,0,1,0,0,0,0
0,g7ynem4tjzk3xvi62hr5.jpg,0,0,0,0,1,0,0,0,0
0,g9v0i8asofbxw3j1d572.jpg,0,0,0,0,1,0,0,0,0
0,gd3pskwlxhm82ryeacov.jpg,0,0,0,0,1,0,0,0,0
0,gdmlqjy8abtso32er0ki.jpeg,0,0,0,0,1,0,0,0,0
0,h1jwr64lykcti7gq5xsa.jpg,0,0,0,0,1,0,0,0,0
0,imzk3078yn91vjqew4ul.jpeg,0,0,0,0,1,0,0,0,0
0,jbg5iqsp1foyvu6k7mtc.jpg,0,0,0,0,1,0,0,0,0
0,kh1t9qfzg6v82y3xnire.jpg,0,0,0,0,1,0,0,0,0
0,klshp5jmb1wy49txu2or.jpg,0,0,0,0,1,0,0,0,0
0,luz56v0xji81et4bs37o.jpg,0,0,0,0,1,0,0,0,0
0,lwd682vb9pgsjiq7ntkm.jpg,0,0,0,0,1,0,0,0,0
0,m4scgp917oawbuin3ker.jpg,0,0,0,0,1,0,0,0,0
0,m5ar467b9d1wusyjgknq.jpg,0,0,0,0,1,0,0,0,0
0,m9u1256hj4b8szto0fnl.jpg,0,0,0,0,1,0,0,0,0
0,mgy5fo1j74td6kbsaiue.png,0,0,0,0,1,0,0,0,0
0,mrwtlqd31og0u27kb94v.jpg,0,0,0,0,1,0,0,0,0
0,n2aukblrmxdq6p3o5ej1.jpg,0,0,0,0,1,0,0,0,0
0,ogif45ckpyt6qv198wrl.jpg,0,0,0,0,1,0,0,0,0
0,pqe6j27fct8gdx9sy3u0.jpg,0,0,0,0,1,0,0,0,0
0,pyukiaxe1q5l6ztrsf2h.jpeg,0,0,0,0,1,0,0,0,0
0,q4rwxzlbfvus72mkh6g8.jpg,0,0,0,0,1,0,0,0,0
0,q5gu1hyv2b0x7dmkze3n.png,0,0,0,0,1,0,0,0,0
0,q8vgj1sl5e3to9xfbiy4.jpg,0,0,0,0,1,0,0,0,0
0,q53mn82tdovj1prilfcw.jpg,0,0,0,0,1,0,0,0,0
0,qmvk95ud6ca43xjgbrhs.jpg,0,0,0,0,1,0,0,0,0
0,r30cf8uz2s4lnkpay9ht.jpg,0,0,0,0,1,0,0,0,0
0,re0by7qoswv35ackilf2.jpg,0,0,0,0,1,0,0,0,0
0,ri5vs2lbh1t49gaq7ox0.jpg,0,0,0,0,1,0,0,0,0
0,rjmtz2yn7ve980w4sxg5.png,0,0,0,0,1,0,0,0,0
0,rt9bf2qmycewxv60kdh4.jpg,0,0,0,0,1,0,0,0,0
0,rzpomt6kw57vscfjyi23.jpg,0,0,0,0,1,0,0,0,0
0,sci580wrngombx7jhl1p.jpg,0,0,0,0,1,0,0,0,0
0,sfnj426d8kz1rgat709q.jpg,0,0,0,0,1,0,0,0,0
0,stxao09iw5dqvuflmg21.jpg,0,0,0,0,1,0,0,0,0
0,su1ioj8elp2wkd605mz7.jpg,0,0,0,0,1,0,0,0,0
0,sxnryw48agkt691bh5il.jpg,0,0,0,0,1,0,0,0,0
0,tgvylqhf1xomue24ckj9.jpg,0,0,0,0,1,0,0,0,0
0,tj4m97zvrk3x8fuqpaes.jpg,0,0,0,0,1,0,0,0,0
0,to0suix2kjncpf491zbm.jpg,0,0,0,0,1,0,0,0,0
0,u14wjfgv97xqabst3kez.jpg,0,0,0,0,1,0,0,0,0
0,uh39e70lkvfsytq2obdx.jpg,0,0,0,0,1,0,0,0,0
0,v1dysl7iz8xn9orhmupf.jpg,0,0,0,0,1,0,0,0,0
0,v9kphqg13o6ubw4zxli8.jpg,0,0,0,0,1,0,0,0,0
0,vmcwpojeg7fhxu9knr45.jpg,0,0,0,0,1,0,0,0,0
0,w4jl5bsfn0urhkqvy6dc.jpg,0,0,0,0,1,0,0,0,0
0,wv1yr7xbpsd49mz3kn0e.jpg,0,0,0,0,1,0,0,0,0
0,wx2v0i1mnc34egtfd9zh.png,0,0,0,0,1,0,0,0,0
0,y9plewo3cba5dmxtqhk4.jpg,0,0,0,0,1,0,0,0,0
0,yrd52nqhe8tgco1sbpk0.jpg,0,0,0,0,1,0,0,0,0
0,yrwsde2vqu7tph45ajcb.jpg,0,0,0,0,1,0,0,0,0
0,z1qexsl596ka028ouhdg.jpg,0,0,0,0,1,0,0,0,0
0,z1rpt7gq0xhn3c5y6k49.jpg,0,0,0,0,1,0,0,0,0
0,z5m2vlc39aq48sfiepbh.jpg,0,0,0,0,1,0,0,0,0
0,zv5wfniclgeqxp0ykjh9.jpg,0,0,0,0,1,0,0,0,0
0,0j2m1tkpxoeyqs9f847d.jpg,0,0,0,0,0,1,0,0,0
0,0jrvkifwl8oc7t1bxm9u.jpeg,0,0,0,0,0,1,0,0,0
0,0lucmgpn7zjaevi21o45.jpg,0,0,0,0,0,1,0,0,0
0,0ngpyv783bzxuhwc6s25.jpg,0,0,0,0,0,1,0,0,0
0,1am3lcxtzo5v4dgi9qhe.jpg,0,0,0,0,0,1,0,0,0
0,1iqcugh2kp6xam0tjyls.jpg,0,0,0,0,0,1,0,0,0
0,1u896cx43kofmp0jyvtz.jpg,0,0,0,0,0,1,0,0,0
0,1vhdx5n30mrwftj7zeuc.jpg,0,0,0,0,0,1,0,0,0
0,1ytok5avpfjb20um84cd.jpg,0,0,0,0,0,1,0,0,0
0,2dpsqi5ybco09vung3h6.jpg,0,0,0,0,0,1,0,0,0
0,3bs18znv7y59oq2pkrdf.jpg,0,0,0,0,0,1,0,0,0
0,3yvxc26wbni5fj0up94h.jpg,0,0,0,0,0,1,0,0,0
0,4anzspe50gjth2m7bry9.jpg,0,0,0,0,0,1,0,0,0
0,4kbjmf0sa8dx2zg7t963.jpg,0,0,0,0,0,1,0,0,0
0,4lfuetoawxs05qpr93mi.jpg,0,0,0,0,0,1,0,0,0
0,5b1ep4a8hxfz2yjwu097.jpg,0,0,0,0,0,1,0,0,0
0,5eaxk9m0ch8tu1zb7q4f.jpg,0,0,0,0,0,1,0,0,0
0,5o9zuaklxynebm3cjhw6.jpg,0,0,0,0,0,1,0,0,0
0,6t9cyi73uf4j0vexq1z8.jpg,0,0,0,0,0,1,0,0,0
0,6y34ktxeu2zp91bivcow.jpg,0,0,0,0,0,1,0,0,0
0,7gfkaopwc2mbrxv38huj.jpg,0,0,0,0,0,1,0,0,0
0,7zsej4lvdyctb8953hqa.jpg,0,0,0,0,0,1,0,0,0
0,8f4tz271qkn5regl3oyw.jpg,0,0,0,0,0,1,0,0,0
0,8nc6f5z0sodqr3hkg97i.png,0,0,0,0,0,1,0,0,0
0,8yd90xow4i1uafgpnkrh.jpg,0,0,0,0,0,1,0,0,0
0,9oz3j71rp42mnbe6hw0k.jpg,0,0,0,0,0,1,0,0,0
0,74lzkwe9ufdchv85si3n.jpg,0,0,0,0,0,1,0,0,0
0,79ywozpmc1rj85tfxnak.jpg,0,0,0,0,0,1,0,0,0
0,80jwafik6s4uot3lbx5v.jpg,0,0,0,0,0,1,0,0,0
0,ahy7f6o05v1m92uedwg8.jpg,0,0,0,0,0,1,0,0,0
0,auext4b6myvor98wkpcd.jpg,0,0,0,0,0,1,0,0,0
0,aygfcpnu3zse6j85x0ok.jpg,0,0,0,0,0,1,0,0,0
0,b6yfg7squ4pairn120do.jpg,0,0,0,0,0,1,0,0,0
0,bmhpzyf54cxe1ig97a3n.jpg,0,0,0,0,0,1,0,0,0
0,bo6qewxykp09cg73tjz2.jpeg,0,0,0,0,0,1,0,0,0
0,bqaoc6y43xe9wprjnm8s.jpg,0,0,0,0,0,1,0,0,0
0,cmybho2p7gq1wnavd40r.jpg,0,0,0,0,0,1,0,0,0
0,cqt764v3siuxhdy18f0r.jpg,0,0,0,0,0,1,0,0,0
0,ctrvwd4p0qb8nfkjymh7.jpg,0,0,0,0,0,1,0,0,0
0,dmotfb4e5nz0qcrlhk2i.jpg,0,0,0,0,0,1,0,0,0
0,dwsjzpm531nkcra4e2gt.jpg,0,0,0,0,0,1,0,0,0
0,ecridkamg4zft1ubv0sh.jpg,0,0,0,0,0,1,0,0,0
0,engsx0681dt47buvhlk5.jpg,0,0,0,0,0,1,0,0,0
0,f2pob0nr8jms7qheluwc.jpeg,0,0,0,0,0,1,0,0,0
0,f4s2vkoct97uealn81mp.jpg,0,0,0,0,0,1,0,0,0
0,fhr3x0kcluijgpt8wq5b.jpg,0,0,0,0,0,1,0,0,0
0,fn2at8uqr7mxwg5h9yv4.jpg,0,0,0,0,0,1,0,0,0
0,fwv80s14el9m5yudin76.jpg,0,0,0,0,0,1,0,0,0
0,g6bvm2iu378xd5py4ozf.jpg,0,0,0,0,0,1,0,0,0
0,gep4b8zuiha2vk1nmlys.jpg,0,0,0,0,0,1,0,0,0
0,giz1cuxqoyhvp3rb270m.jpeg,0,0,0,0,0,1,0,0,0
0,gwb6lks8rmz5y9juhaio.jpg,0,0,0,0,0,1,0,0,0
0,h4vwjrpx2ymcqi1lsgn7.jpg,0,0,0,0,0,1,0,0,0
0,hb97fmaq1wn8zgpse5ty.jpg,0,0,0,0,0,1,0,0,0
0,i6gnveqxkdw1j4acs2om.jpeg,0,0,0,0,0,1,0,0,0
0,i82rvz0cgpkn1ja3yfhd.jpg,0,0,0,0,0,1,0,0,0
0,iymkphsgjxnrtcz6le1f.jpeg,0,0,0,0,0,1,0,0,0
0,jlownfe40mxra2shq6i8.jpeg,0,0,0,0,0,1,0,0,0
0,jmog09p4yl5ec126wani.jpg,0,0,0,0,0,1,0,0,0
0,jmr3du7ox8ezbptn2clg.jpg,0,0,0,0,0,1,0,0,0
0,k7ogpyeqw6f8nclbtv09.jpg,0,0,0,0,0,1,0,0,0
0,klqhe13bnu0298zw7xs4.jpg,0,0,0,0,0,1,0,0,0
0,leidajnfbmgzpqo4hck8.jpg,0,0,0,0,0,1,0,0,0
0,lkd4abqo10xnwhgtcp3m.jpeg,0,0,0,0,0,1,0,0,0
0,m527qxjwis43bl9aztng.jpg,0,0,0,0,0,1,0,0,0
0,n73jgr5ibma9xopskyev.jpg,0,0,0,0,0,1,0,0,0
0,nqph4u87irm39yla5d20.jpg,0,0,0,0,0,1,0,0,0
0,p58dwjqr2tlyfvxzsea9.jpg,0,0,0,0,0,1,0,0,0
0,ph5n63e2rdk7waifcy8m.jpg,0,0,0,0,0,1,0,0,0
0,pwg935kvzruhicalyxfd.jpg,0,0,0,0,0,1,0,0,0
0,px05f3jdaroelcs9nhmk.jpg,0,0,0,0,0,1,0,0,0
0,pz0xj3yka2nsfdwtruve.jpeg,0,0,0,0,0,1,0,0,0
0,qb8w26k7mx1zh3cyuvtd.jpg,0,0,0,0,0,1,0,0,0
0,qencufj3d9r5y8aglp4h.jpeg,0,0,0,0,0,1,0,0,0
0,qpaxfoh79gr4nysm0bc2.jpg,0,0,0,0,0,1,0,0,0
0,r3xeq84f9in10c6o27jv.jpg,0,0,0,0,0,1,0,0,0
0,r7p5ug40whxzk6idmyct.jpg,0,0,0,0,0,1,0,0,0
0,ro0bcm819dau546qjehy.jpg,0,0,0,0,0,1,0,0,0
0,sib0umxol7k2gwt3r4pv.jpeg,0,0,0,0,0,1,0,0,0
0,t9k0un4iyb3g15asofpc.jpeg,0,0,0,0,0,1,0,0,0
0,tcy1fd8kln7qsej3bhxo.jpg,0,0,0,0,0,1,0,0,0
0,tr6j9edbxfzwc5l31pq7.jpg,0,0,0,0,0,1,0,0,0
0,u9ocx234qvlenk50yafr.jpg,0,0,0,0,0,1,0,0,0
0,uwzqg96tveh2ia4cdosp.jpg,0,0,0,0,0,1,0,0,0
0,vsyg0qb29imdfcklz65p.jpg,0,0,0,0,0,1,0,0,0
0,wtogrmbh0i27ef5ak6dz.jpeg,0,0,0,0,0,1,0,0,0
0,x7pj5for1q9t8mnglbkh.jpeg,0,0,0,0,0,1,0,0,0
0,x97hsz5jqtogpf4cwv3n.jpg,0,0,0,0,0,1,0,0,0
0,xiwq21ynl5cvprke7489.jpg,0,0,0,0,0,1,0,0,0
0,xne1z5q2jk7gbtsphwru.png,0,0,0,0,0,1,0,0,0
0,xwhr4ecnqdofau1zpg2y.png,0,0,0,0,0,1,0,0,0
0,y0jctzp23i4h7sbgux58.jpg,0,0,0,0,0,1,0,0,0
0,y64i31ljxvzdqoaktshe.jpg,0,0,0,0,0,1,0,0,0
0,yampg14xfb2vqnwis3k0.jpg,0,0,0,0,0,1,0,0,0
0,z9n5rvjbx6mku8lqcp2h.jpg,0,0,0,0,0,1,0,0,0
0,zfw6qket3jml8a15no7i.jpg,0,0,0,0,0,1,0,0,0
0,zi4opvx6dajf795lebry.jpg,0,0,0,0,0,1,0,0,0
0,zo23msvx1yhucnbl8wgi.jpeg,0,0,0,0,0,1,0,0,0
0,zpn7awrql3eyki0jdhs4.jpg,0,0,0,0,0,1,0,0,0
0,zs2fpukqh6vje7w3c5rn.jpg,0,0,0,0,0,1,0,0,0
0,0jkiv2t7ousz8lecmp5w.jpg,0,0,0,0,0,0,1,0,0
0,0tl2v1cx9d4iy68jfgqa.jpg,0,0,0,0,0,0,1,0,0
0,0yac6dml3zst2pgirnk8.jpg,0,0,0,0,0,0,1,0,0
0,1npbdvsgl2q54jzeuxk0.jpeg,0,0,0,0,0,0,1,0,0
0,1ukjz36ntgyver52blhw.jpg,0,0,0,0,0,0,1,0,0
0,02hnq3seiva1dt8wx7u5.jpg,0,0,0,0,0,0,1,0,0
0,3gx2519wqmo07pek4hzl.jpeg,0,0,0,0,0,0,1,0,0
0,3mgcut2vjfso4bh06nxi.jpeg,0,0,0,0,0,0,1,0,0
0,3vwmo6tzajbcp70fh1xg.jpeg,0,0,0,0,0,0,1,0,0
0,4epvzxyo85atsirhd1fw.jpg,0,0,0,0,0,0,1,0,0
0,4lfg8nucd93s57m6yiet.jpg,0,0,0,0,0,0,1,0,0
0,5mfkdjvq60rh1usx8bin.jpeg,0,0,0,0,0,0,1,0,0
0,5pkx7it8h4zfuge9clqm.jpg,0,0,0,0,0,0,1,0,0
0,5q2pcx6ks4dbogu1fn8w.jpg,0,0,0,0,0,0,1,0,0
0,5tv9jucikn24zgepxdo0.jpg,0,0,0,0,0,0,1,0,0
0,06fciytg3rj27new1bus.jpeg,0,0,0,0,0,0,1,0,0
0,7acz8b3l1o9fnu0hqvwy.jpeg,0,0,0,0,0,0,1,0,0
0,7hcg6bzio528wdkraj3x.jpg,0,0,0,0,0,0,1,0,0
0,8zsj53t4depwfv70n9m2.jpg,0,0,0,0,0,0,1,0,0
0,9auv2st4xlri7618hzjk.jpg,0,0,0,0,0,0,1,0,0
0,9vus7a12l5r6ngi3tkeq.jpeg,0,0,0,0,0,0,1,0,0
0,9xuho8ajrbt270wye4z3.jpg,0,0,0,0,0,0,1,0,0
0,21kudyzv4bhc9pegja8q.jpg,0,0,0,0,0,0,1,0,0
0,29h5zu4txi6ody7ckewn.jpg,0,0,0,0,0,0,1,0,0
0,50irabtmc7h3vgjo4wdk.jpg,0,0,0,0,0,0,1,0,0
0,73j5fdn024ghkmyqz8ex.jpg,0,0,0,0,0,0,1,0,0
0,76j4wahoqskglurdp5y1.png,0,0,0,0,0,0,1,0,0
0,94ds2bt5l1jpmvyzqu8g.jpg,0,0,0,0,0,0,1,0,0
0,614q7jo2pwiz0atcsvub.png,0,0,0,0,0,0,1,0,0
0,avlpej4gnob8ycd923zh.jpg,0,0,0,0,0,0,1,0,0
0,b0df4tnhoe9gcyw8qpma.jpg,0,0,0,0,0,0,1,0,0
0,bdlyvwpejnq7uz5t1ifo.jpg,0,0,0,0,0,0,1,0,0
0,bmlfyz3e1ti42kdurvs5.jpg,0,0,0,0,0,0,1,0,0
0,c3kgbrdx9qpzye804uaj.jpeg,0,0,0,0,0,0,1,0,0
0,c7pz98fqk6aljm5dwo3x.jpg,0,0,0,0,0,0,1,0,0
0,c372brk0yhdwn85ml4gj.jpg,0,0,0,0,0,0,1,0,0
0,cftbsi0hz8ruj6g3q4pm.jpg,0,0,0,0,0,0,1,0,0
0,de1ztlv8a2bhk5n6yw74.jpeg,0,0,0,0,0,0,1,0,0
0,difc30741lxruaznev6o.jpeg,0,0,0,0,0,0,1,0,0
0,dygnwbroue051tpxzs98.jpeg,0,0,0,0,0,0,1,0,0
0,e9gk1p08r2s4wxhbvoau.jpg,0,0,0,0,0,0,1,0,0
0,em58lp27sf14b9txz3hg.jpg,0,0,0,0,0,0,1,0,0
0,emuozxag89q4scf7blvr.jpg,0,0,0,0,0,0,1,0,0
0,f6ied21p0qou5k8sytl9.jpg,0,0,0,0,0,0,1,0,0
0,fmvohpszlk3uegwqdy28.jpg,0,0,0,0,0,0,1,0,0
0,fwj7h4v1oa5xegqt92pi.jpg,0,0,0,0,0,0,1,0,0
0,fy5jri4acgx9zl8mw0s1.jpg,0,0,0,0,0,0,1,0,0
0,g58r4nkplajoz3m0dhey.jpg,0,0,0,0,0,0,1,0,0
0,hb1zwe0f72ca6dmjtlys.jpg,0,0,0,0,0,0,1,0,0
0,i3arugetk5qdx0yvh689.jpg,0,0,0,0,0,0,1,0,0
0,ioec6vlakjtm5yspd3g7.jpeg,0,0,0,0,0,0,1,0,0
0,ixo1d0w2ernb6u7854yf.jpg,0,0,0,0,0,0,1,0,0
0,jc3phyzm0q5sif974anb.jpg,0,0,0,0,0,0,1,0,0
0,jcy8nmhilz23usfo5q0g.jpg,0,0,0,0,0,0,1,0,0
0,jq1lm9gzheu845xinbfd.jpg,0,0,0,0,0,0,1,0,0
0,k7ng6w5temy0vzaofb13.jpg,0,0,0,0,0,0,1,0,0
0,ker0voc59ixs4hm3wtqf.jpg,0,0,0,0,0,0,1,0,0
0,kfpulyqw036c7hjs82ed.jpg,0,0,0,0,0,0,1,0,0
0,kgifhm25uode803qw9ls.jpeg,0,0,0,0,0,0,1,0,0
0,khcjixm2opnwqr0ysdl6.jpg,0,0,0,0,0,0,1,0,0
0,kpsv7hz9dqx5ny64riwj.jpg,0,0,0,0,0,0,1,0,0
0,ku8nbg507siymvrplctd.jpg,0,0,0,0,0,0,1,0,0
0,loxea4t17bjqn25kh0g6.jpg,0,0,0,0,0,0,1,0,0
0,lrogea4tn62i50vdmqxu.jpeg,0,0,0,0,0,0,1,0,0
0,lw58zp1t3yaix2ovrdqf.jpg,0,0,0,0,0,0,1,0,0
0,m8nbfpdhr1io76lgyw4q.jpg,0,0,0,0,0,0,1,0,0
0,mqo5v9j72gbkanyz0ipw.jpg,0,0,0,0,0,0,1,0,0
0,mqsu6d9pcr7jf50e3wx2.jpg,0,0,0,0,0,0,1,0,0
0,my2epdqtsnh7xb3901ro.jpg,0,0,0,0,0,0,1,0,0
0,my362ho4xazgwpbdek78.jpeg,0,0,0,0,0,0,1,0,0
0,nb32scgi4wq7fku815v6.jpg,0,0,0,0,0,0,1,0,0
0,np4hgzuw9osy1rj3x5qk.jpg,0,0,0,0,0,0,1,0,0
0,nxkdi0eyjmf3v9p5lwo8.jpeg,0,0,0,0,0,0,1,0,0
0,opu8x3ztw0kn4dqjc1hs.jpg,0,0,0,0,0,0,1,0,0
0,ot6per2ukiwgbm10y9jz.jpg,0,0,0,0,0,0,1,0,0
0,p01ibfowxuhg2v6dlak3.jpg,0,0,0,0,0,0,1,0,0
0,pg0yltueoq5hsb3rfv4m.jpg,0,0,0,0,0,0,1,0,0
0,q34sorvafw7bdnmzc5gh.jpg,0,0,0,0,0,0,1,0,0
0,qi7cdm3bljhr4x2f6s9o.jpg,0,0,0,0,0,0,1,0,0
0,ranvtfb2ok91czlh4psj.jpg,0,0,0,0,0,0,1,0,0
0,rfn9hk143pcdz5i78gqu.jpg,0,0,0,0,0,0,1,0,0
0,rh0pmf8aul2zdo4kx1ej.jpeg,0,0,0,0,0,0,1,0,0
0,rv5ixpte68fbmq37jawn.jpeg,0,0,0,0,0,0,1,0,0
0,srog7wuj80alxb4y29vd.jpg,0,0,0,0,0,0,1,0,0
0,tli73om4ugcxpsvba52r.jpeg,0,0,0,0,0,0,1,0,0
0,trz5ge98omwl7v4fd0x6.jpg,0,0,0,0,0,0,1,0,0
0,ul8n7ij9dhfw2eax0y1r.jpg,0,0,0,0,0,0,1,0,0
0,ut5fwencbvso21g80xpq.jpg,0,0,0,0,0,0,1,0,0
0,v9eax7sgnp83yhfqt2kc.png,0,0,0,0,0,0,1,0,0
0,vdt52agcjh3rqslymu6o.jpg,0,0,0,0,0,0,1,0,0
0,vw52zy4bdn8kf3lst97p.jpg,0,0,0,0,0,0,1,0,0
0,wjri8fsct031unoxv2ak.jpg,0,0,0,0,0,0,1,0,0
0,wlgmh09i6yj8q3f5krac.jpg,0,0,0,0,0,0,1,0,0
0,wypntsa89l3kr5z04mfx.jpg,0,0,0,0,0,0,1,0,0
0,x5cslfu96id1wjoy72zq.jpg,0,0,0,0,0,0,1,0,0
0,xairny23qlb0wg6jpkh4.jpg,0,0,0,0,0,0,1,0,0
0,xkwcrn96y04bizsfoqem.png,0,0,0,0,0,0,1,0,0
0,xvzjcb2yhrutkp4qi091.jpg,0,0,0,0,0,0,1,0,0
0,y69lv1mx3h5orz4ubi8e.jpg,0,0,0,0,0,0,1,0,0
0,zm798y1cqi5kfs4j3ue0.jpg,0,0,0,0,0,0,1,0,0
0,0epnb2yk53a64ilqvgh9.jpg,0,0,0,0,0,0,0,1,0
0,0jbq95cl87miv1pyo3e6.jpeg,0,0,0,0,0,0,0,1,0
0,0ket3oglm9q42cz5n8br.jpg,0,0,0,0,0,0,0,1,0
0,1ezfgr5kvtqcjols8n37.jpg,0,0,0,0,0,0,0,1,0
0,1lm598xagdptjz3qofbc.jpg,0,0,0,0,0,0,0,1,0
0,1sqpe3uxmokwd6zft295.jpg,0,0,0,0,0,0,0,1,0
0,2hbyzs0l7jd3ug9comr6.jpeg,0,0,0,0,0,0,0,1,0
0,2ygc0mqhs81blpauiwf7.png,0,0,0,0,0,0,0,1,0
0,3uyqhei91cgjr7d5zkfo.jpg,0,0,0,0,0,0,0,1,0
0,4ayjxzgdmni9vw6lbtc2.jpg,0,0,0,0,0,0,0,1,0
0,4f9avu2rh8lwdg75kojq.jpg,0,0,0,0,0,0,0,1,0
0,4yw7svl1gc5u0amd3hjb.jpeg,0,0,0,0,0,0,0,1,0
0,5jgzwduabpvoex27csqy.jpg,0,0,0,0,0,0,0,1,0
0,5z84jaligus3oew7f2t0.jpg,0,0,0,0,0,0,0,1,0
0,6byvo2h74jpu3fqwzs8g.jpg,0,0,0,0,0,0,0,1,0
0,7f13ns6et4lub2prdxy5.jpeg,0,0,0,0,0,0,0,1,0
0,7xp2ovrqfl4se3k9ju1y.jpeg,0,0,0,0,0,0,0,1,0
0,8tgs9nrkvqjph6oaebi3.jpg,0,0,0,0,0,0,0,1,0
0,09bp85c4vsqownzyftjm.jpeg,0,0,0,0,0,0,0,1,0
0,09da1n3oft6ulykbgics.jpg,0,0,0,0,0,0,0,1,0
0,9s06xtl723dncmiwb1p5.jpg,0,0,0,0,0,0,0,1,0
0,9xu0kp3j7szy452qln1v.jpg,0,0,0,0,0,0,0,1,0
0,15lk4ngbdis60qro8azx.jpeg,0,0,0,0,0,0,0,1,0
0,54wen890zyvb2gskf1ua.jpg,0,0,0,0,0,0,0,1,0
0,78otr42suzajqmhxeplw.jpg,0,0,0,0,0,0,0,1,0
0,82fgujrikl0x9qzh4n3t.jpg,0,0,0,0,0,0,0,1,0
0,301wrho897ptckxvzye4.jpg,0,0,0,0,0,0,0,1,0
0,a5so1p82rcwyuq09vhbk.jpg,0,0,0,0,0,0,0,1,0
0,adv6lyxujpk850wm2stz.jpg,0,0,0,0,0,0,0,1,0
0,an5myx9pgh0wb6v2rdf8.png,0,0,0,0,0,0,0,1,0
0,bh10fgylrxw859sonc4m.jpg,0,0,0,0,0,0,0,1,0
0,bma92sterg5ifxp4uh6v.jpg,0,0,0,0,0,0,0,1,0
0,bo3hlisndv0e7uqfkw94.png,0,0,0,0,0,0,0,1,0
0,bslf7d1gkwer0pzmq983.jpg,0,0,0,0,0,0,0,1,0
0,ckv9o7fis1mtdy6ez2jq.jpg,0,0,0,0,0,0,0,1,0
0,ct8afvsb60pgm25x3kju.jpg,0,0,0,0,0,0,0,1,0
0,cw6impb73okzgjn48ft9.jpeg,0,0,0,0,0,0,0,1,0
0,cxg5j21hpurqoek9ia4m.jpg,0,0,0,0,0,0,0,1,0
0,cylne0tdxf7k348rqvmg.jpg,0,0,0,0,0,0,0,1,0
0,d17ic5hraxpmq6jktozy.jpeg,0,0,0,0,0,0,0,1,0
0,d25cwvbx40mulrqezhin.jpg,0,0,0,0,0,0,0,1,0
0,do84veurh6qpwbs19nm3.jpeg,0,0,0,0,0,0,0,1,0
0,f4k0wuirgy1m7n5ode92.jpg,0,0,0,0,0,0,0,1,0
0,fjqus0xl8yben9ita57r.jpg,0,0,0,0,0,0,0,1,0
0,fyk70gnpwd4obsuht1z9.jpg,0,0,0,0,0,0,0,1,0
0,g9cdji6bzve4ax37mows.jpg,0,0,0,0,0,0,0,1,0
0,g9vet4k7j5sbow3iazxl.jpg,0,0,0,0,0,0,0,1,0
0,gqpxsykei5rf3h49lu7t.jpg,0,0,0,0,0,0,0,1,0
0,gyoa0mtdljwi5cb6xzue.jpg,0,0,0,0,0,0,0,1,0
0,hpcwkdlu2qaz5yt16i74.jpeg,0,0,0,0,0,0,0,1,0
0,i5sw8adp1tx3fcny2v4q.jpg,0,0,0,0,0,0,0,1,0
0,i9hvan73emjwrypdclq1.jpg,0,0,0,0,0,0,0,1,0
0,jxbdgwlt5o6mih1q2up9.jpg,0,0,0,0,0,0,0,1,0
0,kmb24s7nprfxvqzow5yt.jpg,0,0,0,0,0,0,0,1,0
0,l2bfgopcdj0may3equrt.jpg,0,0,0,0,0,0,0,1,0
0,l4cd9e1n3o2auwvpshyr.jpg,0,0,0,0,0,0,0,1,0
0,l1276z9p0jaufo3crstm.jpg,0,0,0,0,0,0,0,1,0
0,la9zwc4hdbsegjp1uik6.jpg,0,0,0,0,0,0,0,1,0
0,lfa7jyz3krxq58d102to.jpg,0,0,0,0,0,0,0,1,0
0,lh4ixcm18uso93ztqwg7.jpg,0,0,0,0,0,0,0,1,0
0,lkexnzb8vifps61jd97g.jpg,0,0,0,0,0,0,0,1,0
0,lnp9bsi8f37cjudh5mz0.png,0,0,0,0,0,0,0,1,0
0,lydp01g5mcesijn4wrba.jpg,0,0,0,0,0,0,0,1,0
0,m5ywg4pqoz6kj19ic8sr.jpg,0,0,0,0,0,0,0,1,0
0,maujot0z23i5nhdpq8lc.jpg,0,0,0,0,0,0,0,1,0
0,mhc1s5wzltkpd9x3q48e.jpg,0,0,0,0,0,0,0,1,0
0,mjsnf6ir3kacwh02ezlq.jpeg,0,0,0,0,0,0,0,1,0
0,mtzu923chf1n6lsoeqga.jpg,0,0,0,0,0,0,0,1,0
0,mw1h65j0yqfg8lk73xzr.jpeg,0,0,0,0,0,0,0,1,0
0,ncduvafh709zbgxsyi1m.jpg,0,0,0,0,0,0,0,1,0
0,ndivhwa8g37eu1kb9slc.png,0,0,0,0,0,0,0,1,0
0,nhkj8t45vd1bizu9s3cq.jpg,0,0,0,0,0,0,0,1,0
0,nkmiq85vxfr3slgupzj6.jpg,0,0,0,0,0,0,0,1,0
0,oae27dv3wiq0g5n486c1.jpg,0,0,0,0,0,0,0,1,0
0,ocpgadjmrtsqhvny7k2i.jpg,0,0,0,0,0,0,0,1,0
0,op5uxst1lirhbkgq0c2d.jpeg,0,0,0,0,0,0,0,1,0
0,paswfm8vbl506oxg2u4n.jpg,0,0,0,0,0,0,0,1,0
0,pmqt6k0dhocubx45w7je.jpg,0,0,0,0,0,0,0,1,0
0,pqihv39jocu08dys5bme.jpeg,0,0,0,0,0,0,0,1,0
0,ptix5ea420ql68zhkcns.jpg,0,0,0,0,0,0,0,1,0
0,qdxhvosfjwz45m238ny1.jpg,0,0,0,0,0,0,0,1,0
0,qp3nr9c6yzmkajdve2ol.jpg,0,0,0,0,0,0,0,1,0
0,qywg47zdxuvp38lnjot1.jpg,0,0,0,0,0,0,0,1,0
0,r2qcehk7fm9odszn5l41.jpg,0,0,0,0,0,0,0,1,0
0,r6tusyabfkwlejq7gd01.jpg,0,0,0,0,0,0,0,1,0
0,r6uhl0qmopasey398tn7.jpg,0,0,0,0,0,0,0,1,0
0,r7idgz53qveo1pcsu8wj.jpg,0,0,0,0,0,0,0,1,0
0,s87nz3gxe6ydklrb0m9c.jpg,0,0,0,0,0,0,0,1,0
0,sf7arb8lkhzip5d231x6.jpg,0,0,0,0,0,0,0,1,0
0,sibo9qftpln0vwc6amdj,0,0,0,0,0,0,0,1,0
0,sq0pl8dxe23mvzywjorf.jpg,0,0,0,0,0,0,0,1,0
0,tikwhryu53x0c78qz9ma.jpg,0,0,0,0,0,0,0,1,0
0,u7xgchdes8forbytpiq1.jpg,0,0,0,0,0,0,0,1,0
0,uh3riwbkmstce8o9vy5g.jpg,0,0,0,0,0,0,0,1,0
0,ujvpihtl5ogme4faqnz0.jpg,0,0,0,0,0,0,0,1,0
0,v1njba9l85qxoit3cry2.jpg,0,0,0,0,0,0,0,1,0
0,wrd6x0gji18efcab4u9l.jpg,0,0,0,0,0,0,0,1,0
0,xm84rocsvwel7g6ifnj9.jpg,0,0,0,0,0,0,0,1,0
0,z5qth1cykxvs96b0pr43.jpg,0,0,0,0,0,0,0,1,0
0,zhe72jto6dv93saq4f1m.jpg,0,0,0,0,0,0,0,1,0
0,zn8cwfx3iedkty7osl56.jpg,0,0,0,0,0,0,0,1,0
0,1ax0h3f2evmg5ytbwn9o.jpeg,0,0,0,0,0,0,0,0,1
0,1ib6keyqrz2m4uhx0dpj.jpg,0,0,0,0,0,0,0,0,1
0,1l35w2pdvit7xy6gak8m.jpg,0,0,0,0,0,0,0,0,1
0,2dsf4m9nw8yaq07iub5l.jpg,0,0,0,0,0,0,0,0,1
0,2iatolp6x4nrcgv3ueb0.jpg,0,0,0,0,0,0,0,0,1
0,2lrg9e76pmauhti5nvbx.jpg,0,0,0,0,0,0,0,0,1
0,3k4qhpl8o2rxmztsauew.png,0,0,0,0,0,0,0,0,1
0,3lh2jx8vn6yi9qepu7o5.jpg,0,0,0,0,0,0,0,0,1
0,3qej5hom81ltdxyr0c4g.jpeg,0,0,0,0,0,0,0,0,1
0,4bw9o6txamsyr27z8jd0.jpg,0,0,0,0,0,0,0,0,1
0,4jp3rnztaxw9ol28gu75.jpg,0,0,0,0,0,0,0,0,1
0,7wbgk93v2id0rztjmulf.jpg,0,0,0,0,0,0,0,0,1
0,8tap7eml61wz2r5fjgby.jpg,0,0,0,0,0,0,0,0,1
0,8xqovs6zd9a70tw5emjk.jpg,0,0,0,0,0,0,0,0,1
0,9ircf65sdxvw2le8uptj.jpg,0,0,0,0,0,0,0,0,1
0,24zx9p70wkdcayqgi6mh.jpeg,0,0,0,0,0,0,0,0,1
0,26pfuo4kclz7nvrh0xg5.jpg,0,0,0,0,0,0,0,0,1
0,67pd35xry4h0v1tnm89s.jpg,0,0,0,0,0,0,0,0,1
0,90p3jhdq7yzc8mol5ri1.jpeg,0,0,0,0,0,0,0,0,1
0,850ole1ry4pdsu2x6ag7.jpg,0,0,0,0,0,0,0,0,1
0,awqrk89slzbeh06y132c.jpg,0,0,0,0,0,0,0,0,1
0,b7u05edc3x46a9iqrfhv.jpg,0,0,0,0,0,0,0,0,1
0,bkg8jif37scyhw40z2qe.jpeg,0,0,0,0,0,0,0,0,1
0,bmg4wj6r5i1uphal2etz.jpg,0,0,0,0,0,0,0,0,1
0,brnd6kasxltz8751fm2c.jpg,0,0,0,0,0,0,0,0,1
0,cl26mvg0dwfph75kqsui.jpg,0,0,0,0,0,0,0,0,1
0,d0ohwm3trjuys7nveqi9.jpg,0,0,0,0,0,0,0,0,1
0,d2p7fue1w5ymjl96tk3r.jpeg,0,0,0,0,0,0,0,0,1
0,eba4jr0s791kfxvz3uhg.jpg,0,0,0,0,0,0,0,0,1
0,ebfnq6hu7k24vcmastd9.jpeg,0,0,0,0,0,0,0,0,1
0,exqbl9hfc18kt7agu5v4.jpg,0,0,0,0,0,0,0,0,1
0,f6zwp92mkhs3tx4yne5o.jpg,0,0,0,0,0,0,0,0,1
0,fjcbsd3x761rk59an8iw.jpg,0,0,0,0,0,0,0,0,1
0,fou3zegvq5p169mxtkal.jpg,0,0,0,0,0,0,0,0,1
0,fx5ak4vmqpghd3ntzbyw.jpg,0,0,0,0,0,0,0,0,1
0,g84lpd950xns7v1oumkh.jpg,0,0,0,0,0,0,0,0,1
0,gv7xkyw3rsde9icmqhn6.jpeg,0,0,0,0,0,0,0,0,1
0,gw719man05l8q4vr6c2j.jpg,0,0,0,0,0,0,0,0,1
0,hjxwzy1kvl23drsmqeup.jpg,0,0,0,0,0,0,0,0,1
0,i9gv28pjsxrq7tkbde16.jpg,0,0,0,0,0,0,0,0,1
0,id1vp5xumlo0cn4bgys7.png,0,0,0,0,0,0,0,0,1
0,jgzy856srcnaveumqlwb.jpeg,0,0,0,0,0,0,0,0,1
0,jrxma7k1p2uhozdnblqi.jpg,0,0,0,0,0,0,0,0,1
0,jts3frml8pg1uoxihaq4.png,0,0,0,0,0,0,0,0,1
0,jv1uly7xdzp6a0cg9erw.jpeg,0,0,0,0,0,0,0,0,1
0,k2ofsheqjvx864cy9dag.jpg,0,0,0,0,0,0,0,0,1
0,k5pzq42i9178elnxh0au.jpeg,0,0,0,0,0,0,0,0,1
0,kcofz5eb0g4hq37p8r6i.jpg,0,0,0,0,0,0,0,0,1
0,kh3w8gsja6e4monxld5q.jpg,0,0,0,0,0,0,0,0,1
0,km9tou710g5wxvrfnbqp.jpg,0,0,0,0,0,0,0,0,1
0,lbdfphxy9tqoeisk20z4.jpg,0,0,0,0,0,0,0,0,1
0,lgmqx58drhkayjc34ibt.jpg,0,0,0,0,0,0,0,0,1
0,lomzkpd8i72xe51fqjrn.jpg,0,0,0,0,0,0,0,0,1
0,lwc1n8xrm3u6okfjszdi.jpeg,0,0,0,0,0,0,0,0,1
0,m3yhbvnuz8x1wstjkegr.jpg,0,0,0,0,0,0,0,0,1
0,mdxy3c2rivgekf0tsw4n.jpg,0,0,0,0,0,0,0,0,1
0,mko6gq75i3zlae148ucv.jpg,0,0,0,0,0,0,0,0,1
0,nb7iy6v1ou3l25q8gzsh.jpeg,0,0,0,0,0,0,0,0,1
0,nmyg0vlu7w5b8d9za2ro.jpg,0,0,0,0,0,0,0,0,1
0,ns6dt23q9fkrh15oymv0.jpg,0,0,0,0,0,0,0,0,1
0,o2ypu94xw8b5jlds1i76.jpeg,0,0,0,0,0,0,0,0,1
0,o2zhq6p1vn4gks5ycx7t.jpg,0,0,0,0,0,0,0,0,1
0,oenj5ta3mydp2416k0ls.jpg,0,0,0,0,0,0,0,0,1
0,p1d6qh8lr4kot2bs9jve.jpg,0,0,0,0,0,0,0,0,1
0,pou2kscw7lr1xa9gytev.jpg,0,0,0,0,0,0,0,0,1
0,ptixg7q4285zhromukbv.jpg,0,0,0,0,0,0,0,0,1
0,q13fd4cax0p2lw6nshk8.jpg,0,0,0,0,0,0,0,0,1
0,q26uzgp7tskmihwbo8nl.jpg,0,0,0,0,0,0,0,0,1
0,qacmep24xn8kdgij70bw.jpg,0,0,0,0,0,0,0,0,1
0,qv4zpaxlciw8h076b2tf.jpg,0,0,0,0,0,0,0,0,1
0,raem4tq0hlyx12zsnu9c.jpg,0,0,0,0,0,0,0,0,1
0,rchwe5l23f1nv4dkxizm.jpeg,0,0,0,0,0,0,0,0,1
0,rhdeo9lsm8ua1y206pbx.jpg,0,0,0,0,0,0,0,0,1
0,ryldnt8q249pmgk7uw3v.jpeg,0,0,0,0,0,0,0,0,1
0,s0j5nmg89diavkbl4of6.jpg,0,0,0,0,0,0,0,0,1
0,scdnh2z73viow8459ebm.jpg,0,0,0,0,0,0,0,0,1
0,sjqxvnlmfzrh4iu8g3yb.jpg,0,0,0,0,0,0,0,0,1
0,stow6f04dq2nj17p3x9v.jpg,0,0,0,0,0,0,0,0,1
0,syr5t3ha1z47jlo6pqfn.jpeg,0,0,0,0,0,0,0,0,1
0,t765kbgif3m2dv914wc8.jpg,0,0,0,0,0,0,0,0,1
0,tx2rjy3mv8cq1indb47u.jpg,0,0,0,0,0,0,0,0,1
0,uaxl9w8no2dt1hi4pymf.jpeg,0,0,0,0,0,0,0,0,1
0,uf8903k2vix6plaoehsy.jpg,0,0,0,0,0,0,0,0,1
0,ut0eo5m6l9bikvx2qs1y.jpg,0,0,0,0,0,0,0,0,1
0,vb8jsu3nh6drg5w2pk91.jpeg,0,0,0,0,0,0,0,0,1
0,vm7yhf2w836d01bgp5rj.jpg,0,0,0,0,0,0,0,0,1
0,wf8uj01pcdlo2nxqae9h.jpg,0,0,0,0,0,0,0,0,1
0,whkmr2icpt7v5dx0qy9o.jpg,0,0,0,0,0,0,0,0,1
0,wrkg9svh4fljmc8daqy1.jpg,0,0,0,0,0,0,0,0,1
0,xc30yj9ulfdzp85q2t7r.jpg,0,0,0,0,0,0,0,0,1
0,xd3pw1nusyh6mc2fag0i.jpg,0,0,0,0,0,0,0,0,1
0,xe0ndus4yacjvzq3f6hm.jpg,0,0,0,0,0,0,0,0,1
0,y7e53lgnfks8cu0ohmrt.jpg,0,0,0,0,0,0,0,0,1
0,yctgpbf8654hxkniv2uq.jpg,0,0,0,0,0,0,0,0,1
0,yrk2736dipxqmjauw8sl.jpeg,0,0,0,0,0,0,0,0,1
0,z0aojtwu1qb3vmdkg6ir.jpg,0,0,0,0,0,0,0,0,1
0,zcdo1efyhk437sb86r5t.jpg,0,0,0,0,0,0,0,0,1
0,zw1racidu4y5pblf6sq8.jpg,0,0,0,0,0,0,0,0,1
